Tagesspiegel	40922	743.2760111290012	0.0	unklare_Kategorie#Haupt
29021	164339	356.3125228357953	0.0	unklare_Kategorie#Haupt
Inhaltliche	28549	242.8038682350354	0.0	unklare_Kategorie#Haupt
030	3079	218.95988077355207	0.0	unklare_Kategorie#Haupt
Klimaanlagen	45207	207.2138469345309	0.0	unklare_Kategorie#Haupt
Rückfragen	137479	171.73774594465323	0.0	unklare_Kategorie#Haupt
www.tagesspiegel.de	157911	170.56082579472923	0.0	unklare_Kategorie#Haupt
Newsroom	16887	169.61567636768342	0.0	unklare_Kategorie#Haupt
Telefon	13472	169.3642601838904	0.0	unklare_Kategorie#Haupt
Pressekontakt	147072	158.62438183601714	0.0	unklare_Kategorie#Haupt
Chefin	59773	157.60013831527777	0.0	unklare_Kategorie#Haupt
Patricia	12038	133.76709427893525	0.0	unklare_Kategorie#Haupt
politik	66410	127.10835111089844	0.0	unklare_Kategorie#Haupt
Scheiße	101557	114.65821769090809	0.0	unklare_Kategorie#Haupt
VRR	8324	100.62720029760939	0.0	unklare_Kategorie#Haupt
r	84	97.19624808723344	0.0	unklare_Kategorie#Haupt
Thale	156555	94.63506123041408	0.0	unklare_Kategorie#Haupt
Dienst	3016	94.19060402624667	0.0	unklare_Kategorie#Haupt
Saale	144015	88.28785401727222	0.0	unklare_Kategorie#Haupt
Teltow	27729	85.8316818033977	0.0	unklare_Kategorie#Haupt
=	30	763.2735234213607	1.0	Sonstige_Unregelmässigkeiten#Haupt
—	2279	203.23711222066845	1.0	Sonstige_Unregelmässigkeiten#Haupt
April	150869	172.0089090458933	1.0	Sonstige_Unregelmässigkeiten#Haupt
III	6345	121.50228079264721	1.0	Sonstige_Unregelmässigkeiten#Haupt
2016	25935	110.5240844637142	1.0	Sonstige_Unregelmässigkeiten#Haupt
VRR	8324	100.62720029760939	1.0	Sonstige_Unregelmässigkeiten#Haupt
Fahrdienstleiter	114196	82.34034207692041	1.0	Sonstige_Unregelmässigkeiten#Haupt
Max	7018	80.27647738903879	1.0	Sonstige_Unregelmässigkeiten#Haupt
Miri	38264	78.24147008296167	1.0	Sonstige_Unregelmässigkeiten#Haupt
07.00	143272	74.33093768494845	1.0	Sonstige_Unregelmässigkeiten#Haupt
Islam	57572	73.57912167657645	1.0	Sonstige_Unregelmässigkeiten#Haupt
Sie	7986	66.54212933375474	1.0	Sonstige_Unregelmässigkeiten#Haupt
reserviert	174109	65.68077911411976	1.0	Sonstige_Unregelmässigkeiten#Haupt
Oranienburg	186014	62.26912476977002	1.0	Sonstige_Unregelmässigkeiten#Haupt
Dessau	155263	59.091766790639156	1.0	Sonstige_Unregelmässigkeiten#Haupt
Kilometer	35822	58.224363167035406	1.0	Sonstige_Unregelmässigkeiten#Haupt
29.11.2015	77550	57.659126847545444	1.0	Sonstige_Unregelmässigkeiten#Haupt
Bahnknoten	30042	56.32036613569167	1.0	Sonstige_Unregelmässigkeiten#Haupt
GDL	5988	56.102664593254595	1.0	Sonstige_Unregelmässigkeiten#Haupt
Notfallleitstelle	76167	55.51062109043593	1.0	Sonstige_Unregelmässigkeiten#Haupt
Üstra	73069	99.74505039771408	2.0	Ticketkauf#Haupt
Kreuzfahrt	14087	97.90221172106145	2.0	Ticketkauf#Haupt
Messe	90057	97.32909188628214	2.0	Ticketkauf#Haupt
Hotel	44365	92.50323762660125	2.0	Ticketkauf#Haupt
Bearbeitungsgebühr	50710	78.4854348245668	2.0	Ticketkauf#Haupt
`	66	76.37449561500782	2.0	Ticketkauf#Haupt
Mitfahrgelegenheit	80345	75.89335823170617	2.0	Ticketkauf#Haupt
Großraum	167232	69.66024187106113	2.0	Ticketkauf#Haupt
verreisen	50245	68.26545223556595	2.0	Ticketkauf#Haupt
Fjorde	100735	63.75194922577839	2.0	Ticketkauf#Haupt
Euro	34117	60.89044875446846	2.0	Ticketkauf#Haupt
flixbus	13624	52.398664185832246	2.0	Ticketkauf#Haupt
Norwegen	136879	52.380746373171256	2.0	Ticketkauf#Haupt
S-Bahn-Strecke	63888	50.82186723309665	2.0	Ticketkauf#Haupt
nit	9805	50.53597624542002	2.0	Ticketkauf#Haupt
Kundenbetreuer	77353	50.385050090821544	2.0	Ticketkauf#Haupt
CNL	5295	50.311563120932476	2.0	Ticketkauf#Haupt
Ferienhaus	82734	49.814759008654256	2.0	Ticketkauf#Haupt
Reisezentren	44688	49.7055107857315	2.0	Ticketkauf#Haupt
S-Bahn	58072	49.70084876601215	2.0	Ticketkauf#Haupt
00	256	180.537605553291	3.0	Zugfahrt#Haupt
room	53377	64.80808633008348	3.0	Zugfahrt#Haupt
living	68427	63.55417555544922	3.0	Zugfahrt#Haupt
Oberhausen	60675	59.200752219489424	3.0	Zugfahrt#Haupt
doof	47794	56.97093486505405	3.0	Zugfahrt#Haupt
ich	9421	50.53616527873305	3.0	Zugfahrt#Haupt
Üstra	73069	49.87252519885704	3.0	Zugfahrt#Haupt
Janett	157370	47.46027336324086	3.0	Zugfahrt#Haupt
Hannover	107975	46.249728132842705	3.0	Zugfahrt#Haupt
Dame	33223	41.49908644672604	3.0	Zugfahrt#Haupt
Stellwerksausfall	61363	39.590280315088364	3.0	Zugfahrt#Haupt
ihn	9430	37.91270281543094	3.0	Zugfahrt#Haupt
DX	689	36.29716611005163	3.0	Zugfahrt#Haupt
„	2286	35.15559323737951	3.0	Zugfahrt#Haupt
zahlen	139340	33.987961936394875	3.0	Zugfahrt#Haupt
Deutschland	72023	33.570533819177186	3.0	Zugfahrt#Haupt
“	2284	33.27106466687737	3.0	Zugfahrt#Haupt
morgen	72358	32.2028135258812	3.0	Zugfahrt#Haupt
Fahrtzeit	137081	30.647990235607573	3.0	Zugfahrt#Haupt
Sieg	41208	30.562501204840572	3.0	Zugfahrt#Haupt
Aurich	113668	120.02473534144133	4.0	Zugfahrt#Streckennetz
—	2279	76.21391708275067	4.0	Zugfahrt#Streckennetz
Steinach	129235	75.36481037967503	4.0	Zugfahrt#Streckennetz
Führerschein	61644	62.87858560161784	4.0	Zugfahrt#Streckennetz
imm	9445	57.02700846315404	4.0	Zugfahrt#Streckennetz
Rhein-Sieg	177250	56.443644756569185	4.0	Zugfahrt#Streckennetz
Erfurt-Leipzig	86876	56.254111827378125	4.0	Zugfahrt#Streckennetz
Hannoversche	45436	55.98807713800481	4.0	Zugfahrt#Streckennetz
Geesthacht	98609	55.11628607644283	4.0	Zugfahrt#Streckennetz
#	3	54.1610040220442	4.0	Zugfahrt#Streckennetz
Sicherungstechnik	141878	53.66886662499321	4.0	Zugfahrt#Streckennetz
Wohnung	116724	52.584319616086574	4.0	Zugfahrt#Streckennetz
Erneuerung	66127	52.33977568405444	4.0	Zugfahrt#Streckennetz
Bahnstrecke	45601	51.068053079072044	4.0	Zugfahrt#Streckennetz
Fachangestellte	116646	49.59544400493448	4.0	Zugfahrt#Streckennetz
Gleisbauarbeiten	109773	49.424875731681794	4.0	Zugfahrt#Streckennetz
Schwenningen	36167	49.39597429983542	4.0	Zugfahrt#Streckennetz
Bergedorf	104489	48.10186648057357	4.0	Zugfahrt#Streckennetz
zusätzl	30125	47.64905883458685	4.0	Zugfahrt#Streckennetz
e.V	8976	47.64350296262546	4.0	Zugfahrt#Streckennetz
"	2	514.1505510966754	5.0	Atmosphäre#Haupt
blaulicht	56080	372.8860018811275	5.0	Atmosphäre#Haupt
www.presseportal.de	140605	330.0665569442236	5.0	Atmosphäre#Haupt
pm	1983	266.0628749435891	5.0	Atmosphäre#Haupt
—	2279	203.23711222066845	5.0	Atmosphäre#Haupt
Presseportal	101824	189.3020167598467	5.0	Atmosphäre#Haupt
April	150869	172.0089090458933	5.0	Atmosphäre#Haupt
http	49588	170.39129688155938	5.0	Atmosphäre#Haupt
29.01.2016	94477	145.1886644402065	5.0	Atmosphäre#Haupt
30	318	133.0842586675095	5.0	Atmosphäre#Haupt
28.01.2016	47295	129.93901002896047	5.0	Atmosphäre#Haupt
26.01.2016	127047	128.60466751169994	5.0	Atmosphäre#Haupt
III	6345	121.50228079264721	5.0	Atmosphäre#Haupt
2016	25935	110.5240844637142	5.0	Atmosphäre#Haupt
25.01.2016	82433	102.20503931680412	5.0	Atmosphäre#Haupt
Tagesspiegel	40922	100.78318794969508	5.0	Atmosphäre#Haupt
+	11	92.4035424410414	5.0	Atmosphäre#Haupt
Südländer	159087	81.4351740579748	5.0	Atmosphäre#Haupt
”	2285	75.25186118229959	5.0	Atmosphäre#Haupt
Flüchtling	135802	74.18501888059959	5.0	Atmosphäre#Haupt
Ticket	70094	44.77336814478207	6.0	DB_App_und_Website#Informationen_DB_App_und_Website
Bearbeitungsgebühr	50710	39.2427174122834	6.0	DB_App_und_Website#Informationen_DB_App_und_Website
navigator	166792	39.037544834247484	6.0	DB_App_und_Website#Informationen_DB_App_und_Website
1.11	24647	36.0147405526671	6.0	DB_App_und_Website#Informationen_DB_App_und_Website
Abteil	106556	28.66506389653455	6.0	DB_App_und_Website#Informationen_DB_App_und_Website
17,50	153498	27.87410163185567	6.0	DB_App_und_Website#Informationen_DB_App_und_Website
preis	81455	27.050918027727516	6.0	DB_App_und_Website#Informationen_DB_App_und_Website
Hansaring	66979	26.89945133719329	6.0	DB_App_und_Website#Informationen_DB_App_und_Website
Lotse	83777	26.791879407520735	6.0	DB_App_und_Website#Informationen_DB_App_und_Website
Sparpreis	162415	26.432002501184346	6.0	DB_App_und_Website#Informationen_DB_App_und_Website
meine	48130	24.849066497880003	6.0	DB_App_und_Website#Informationen_DB_App_und_Website
„	2286	24.169470350698415	6.0	DB_App_und_Website#Informationen_DB_App_und_Website
Bahn-Navigator	101014	24.102920809018464	6.0	DB_App_und_Website#Informationen_DB_App_und_Website
Angebote	119700	23.10088561026035	6.0	DB_App_und_Website#Informationen_DB_App_und_Website
“	2284	22.873856958478193	6.0	DB_App_und_Website#Informationen_DB_App_und_Website
Ankunft	64431	22.333985235126796	6.0	DB_App_und_Website#Informationen_DB_App_und_Website
Haltestelle	135576	22.06981158585883	6.0	DB_App_und_Website#Informationen_DB_App_und_Website
aufgrund	98802	21.825516958358314	6.0	DB_App_und_Website#Informationen_DB_App_und_Website
Wichtige	159574	21.752317235692782	6.0	DB_App_und_Website#Informationen_DB_App_und_Website
meiner	144850	21.66440160881768	6.0	DB_App_und_Website#Informationen_DB_App_und_Website
Klimaanlagen	45207	207.2138469345309	7.0	Service_und_Kundenbetreuung#Haupt
Prozent	156578	160.802938652542	7.0	Service_und_Kundenbetreuung#Haupt
_	65	134.98992506077215	7.0	Service_und_Kundenbetreuung#Haupt
Kyoto	77595	107.64924398361701	7.0	Service_und_Kundenbetreuung#Haupt
Üstra	73069	99.74505039771408	7.0	Service_und_Kundenbetreuung#Haupt
Bearbeitungsgebühr	50710	78.4854348245668	7.0	Service_und_Kundenbetreuung#Haupt
Service-Community	79053	78.3373188311349	7.0	Service_und_Kundenbetreuung#Haupt
Fahrgäste	46199	59.46992469121513	7.0	Service_und_Kundenbetreuung#Haupt
BC25	31446	51.35116232945529	7.0	Service_und_Kundenbetreuung#Haupt
Reisezentren	44688	49.7055107857315	7.0	Service_und_Kundenbetreuung#Haupt
Bielefeld	167121	46.31968136717803	7.0	Service_und_Kundenbetreuung#Haupt
Hannover	107975	46.249728132842705	7.0	Service_und_Kundenbetreuung#Haupt
Köln	39387	46.2017712205207	7.0	Service_und_Kundenbetreuung#Haupt
Klimaanlage	178761	45.10683735466996	7.0	Service_und_Kundenbetreuung#Haupt
^	64	45.020968909525095	7.0	Service_und_Kundenbetreuung#Haupt
2012	25915	43.331014951730694	7.0	Service_und_Kundenbetreuung#Haupt
di	1686	43.18530161214202	7.0	Service_und_Kundenbetreuung#Haupt
Abteil	106556	42.99759584480183	7.0	Service_und_Kundenbetreuung#Haupt
Shinkansen	13502	39.30426562227017	7.0	Service_und_Kundenbetreuung#Haupt
Fahrgast	142773	38.48075374300414	7.0	Service_und_Kundenbetreuung#Haupt
"	2	514.1505510966754	8.0	Auslastung_und_Platzangebot#Haupt
—	2279	203.23711222066845	8.0	Auslastung_und_Platzangebot#Haupt
April	150869	172.0089090458933	8.0	Auslastung_und_Platzangebot#Haupt
30	318	133.0842586675095	8.0	Auslastung_und_Platzangebot#Haupt
#	3	129.98640965290608	8.0	Auslastung_und_Platzangebot#Haupt
III	6345	121.50228079264721	8.0	Auslastung_und_Platzangebot#Haupt
2016	25935	110.5240844637142	8.0	Auslastung_und_Platzangebot#Haupt
gutefrage.net-Tag	129558	78.71969481325	8.0	Auslastung_und_Platzangebot#Haupt
Sie	7986	66.54212933375474	8.0	Auslastung_und_Platzangebot#Haupt
reserviert	174109	65.68077911411976	8.0	Auslastung_und_Platzangebot#Haupt
Klasse	29091	64.4056270517624	8.0	Auslastung_und_Platzangebot#Haupt
Platz	119428	48.951105860530724	8.0	Auslastung_und_Platzangebot#Haupt
fahrgäste	141320	47.912277502013964	8.0	Auslastung_und_Platzangebot#Haupt
SIE	7763	47.479153564956704	8.0	Auslastung_und_Platzangebot#Haupt
Alstom	21607	44.446541599214235	8.0	Auslastung_und_Platzangebot#Haupt
ausgebucht	162297	43.260477769024725	8.0	Auslastung_und_Platzangebot#Haupt
Wecker	51354	40.378944422936854	8.0	Auslastung_und_Platzangebot#Haupt
Preise	184144	40.07333185232471	8.0	Auslastung_und_Platzangebot#Haupt
Sparpreis-Finder	74281	39.590280315088364	8.0	Auslastung_und_Platzangebot#Haupt
unkomfortabel	90774	39.44482464111809	8.0	Auslastung_und_Platzangebot#Haupt
=	30	763.2735234213607	9.0	Atmosphäre#Temperatur
Kyoto	77595	215.29848796723402	9.0	Atmosphäre#Temperatur
Klimaanlagen	45207	207.2138469345309	9.0	Atmosphäre#Temperatur
Oranienburg	186014	93.40368715465503	9.0	Atmosphäre#Temperatur
Servicepersonal	100652	87.33110697638708	9.0	Atmosphäre#Temperatur
Shinkansen	13502	78.60853124454034	9.0	Atmosphäre#Temperatur
Bearbeitungsgebühr	50710	78.4854348245668	9.0	Atmosphäre#Temperatur
EC	695	78.17655229047037	9.0	Atmosphäre#Temperatur
`	66	76.37449561500782	9.0	Atmosphäre#Temperatur
Steuerwagen	91185	75.18318556452307	9.0	Atmosphäre#Temperatur
Tunnels	95034	72.1303165983487	9.0	Atmosphäre#Temperatur
Großraum	167232	69.66024187106113	9.0	Atmosphäre#Temperatur
August	110350	68.1154134105287	9.0	Atmosphäre#Temperatur
isch	49931	63.547422143010984	9.0	Atmosphäre#Temperatur
Kolleginnen	68114	62.67200548541362	9.0	Atmosphäre#Temperatur
Schrank	104306	60.161571596983535	9.0	Atmosphäre#Temperatur
29.11.2015	77550	57.659126847545444	9.0	Atmosphäre#Temperatur
Tempelanlagen	127184	57.256397215170125	9.0	Atmosphäre#Temperatur
GDL	5988	56.102664593254595	9.0	Atmosphäre#Temperatur
Neuss	99229	55.85547741725111	9.0	Atmosphäre#Temperatur
=	30	763.2735234213607	10.0	Zugfahrt#Pünktlichkeit
Kyoto	77595	215.29848796723402	10.0	Zugfahrt#Pünktlichkeit
Klimaanlagen	45207	207.2138469345309	10.0	Zugfahrt#Pünktlichkeit
Oranienburg	186014	93.40368715465503	10.0	Zugfahrt#Pünktlichkeit
Servicepersonal	100652	87.33110697638708	10.0	Zugfahrt#Pünktlichkeit
Shinkansen	13502	78.60853124454034	10.0	Zugfahrt#Pünktlichkeit
Bearbeitungsgebühr	50710	78.4854348245668	10.0	Zugfahrt#Pünktlichkeit
EC	695	78.17655229047037	10.0	Zugfahrt#Pünktlichkeit
`	66	76.37449561500782	10.0	Zugfahrt#Pünktlichkeit
Steuerwagen	91185	75.18318556452307	10.0	Zugfahrt#Pünktlichkeit
Tunnels	95034	72.1303165983487	10.0	Zugfahrt#Pünktlichkeit
Großraum	167232	69.66024187106113	10.0	Zugfahrt#Pünktlichkeit
August	110350	68.1154134105287	10.0	Zugfahrt#Pünktlichkeit
isch	49931	63.547422143010984	10.0	Zugfahrt#Pünktlichkeit
Kolleginnen	68114	62.67200548541362	10.0	Zugfahrt#Pünktlichkeit
Schrank	104306	60.161571596983535	10.0	Zugfahrt#Pünktlichkeit
29.11.2015	77550	57.659126847545444	10.0	Zugfahrt#Pünktlichkeit
Tempelanlagen	127184	57.256397215170125	10.0	Zugfahrt#Pünktlichkeit
GDL	5988	56.102664593254595	10.0	Zugfahrt#Pünktlichkeit
Neuss	99229	55.85547741725111	10.0	Zugfahrt#Pünktlichkeit
=	30	763.2735234213607	11.0	Atmosphäre#Sauberkeit_allgemein
Kyoto	77595	215.29848796723402	11.0	Atmosphäre#Sauberkeit_allgemein
Klimaanlagen	45207	207.2138469345309	11.0	Atmosphäre#Sauberkeit_allgemein
Oranienburg	186014	93.40368715465503	11.0	Atmosphäre#Sauberkeit_allgemein
Servicepersonal	100652	87.33110697638708	11.0	Atmosphäre#Sauberkeit_allgemein
Shinkansen	13502	78.60853124454034	11.0	Atmosphäre#Sauberkeit_allgemein
Bearbeitungsgebühr	50710	78.4854348245668	11.0	Atmosphäre#Sauberkeit_allgemein
EC	695	78.17655229047037	11.0	Atmosphäre#Sauberkeit_allgemein
`	66	76.37449561500782	11.0	Atmosphäre#Sauberkeit_allgemein
Steuerwagen	91185	75.18318556452307	11.0	Atmosphäre#Sauberkeit_allgemein
Tunnels	95034	72.1303165983487	11.0	Atmosphäre#Sauberkeit_allgemein
Großraum	167232	69.66024187106113	11.0	Atmosphäre#Sauberkeit_allgemein
August	110350	68.1154134105287	11.0	Atmosphäre#Sauberkeit_allgemein
isch	49931	63.547422143010984	11.0	Atmosphäre#Sauberkeit_allgemein
Kolleginnen	68114	62.67200548541362	11.0	Atmosphäre#Sauberkeit_allgemein
Schrank	104306	60.161571596983535	11.0	Atmosphäre#Sauberkeit_allgemein
29.11.2015	77550	57.659126847545444	11.0	Atmosphäre#Sauberkeit_allgemein
Tempelanlagen	127184	57.256397215170125	11.0	Atmosphäre#Sauberkeit_allgemein
GDL	5988	56.102664593254595	11.0	Atmosphäre#Sauberkeit_allgemein
Neuss	99229	55.85547741725111	11.0	Atmosphäre#Sauberkeit_allgemein
VGF	8265	37.77532086137815	12.0	Atmosphäre#Geruch
oberirdischen	138688	37.41568440181483	12.0	Atmosphäre#Geruch
Qualm	131315	34.138560420079834	12.0	Atmosphäre#Geruch
Wetter	58384	33.395098159165094	12.0	Atmosphäre#Geruch
dumm	47886	30.375570198161803	12.0	Atmosphäre#Geruch
Mitreisenden	62073	30.34924202409046	12.0	Atmosphäre#Geruch
Raucher	170788	27.757015784166033	12.0	Atmosphäre#Geruch
Zonen	42306	27.578680157733928	12.0	Atmosphäre#Geruch
überfüllt	188404	27.151379929238317	12.0	Atmosphäre#Geruch
"	2	26.366694928034633	12.0	Atmosphäre#Geruch
belästigt	149268	25.55424562218252	12.0	Atmosphäre#Geruch
KOMMT	65109	25.071073317790248	12.0	Atmosphäre#Geruch
UND	8174	24.414009612931853	12.0	Atmosphäre#Geruch
Schluck	103443	22.589830111804766	12.0	Atmosphäre#Geruch
sitze	106431	21.905854207726044	12.0	Atmosphäre#Geruch
MAN	6796	20.711241772753795	12.0	Atmosphäre#Geruch
Blockade	59493	20.616384304016957	12.0	Atmosphäre#Geruch
Stift	150323	20.559897279558236	12.0	Atmosphäre#Geruch
Fahrgäste	46199	19.823308230405043	12.0	Atmosphäre#Geruch
weist	142090	19.795039561512674	12.0	Atmosphäre#Geruch
Klimaanlagen	45207	207.2138469345309	13.0	Sicherheit#Haupt
Oranienburg	186014	93.40368715465503	13.0	Sicherheit#Haupt
—	2279	76.21391708275067	13.0	Sicherheit#Haupt
Ansbach	131563	73.32369205929062	13.0	Sicherheit#Haupt
Tunnels	95034	72.1303165983487	13.0	Sicherheit#Haupt
+	11	69.30265683078105	13.0	Sicherheit#Haupt
Studentin	162902	64.48889394146858	13.0	Sicherheit#Haupt
Steine	52909	59.32245187448011	13.0	Sicherheit#Haupt
unsittlich	23675	53.01998751814455	13.0	Sicherheit#Haupt
Syrer	152222	52.80984094983101	13.0	Sicherheit#Haupt
Stichflamme	67139	52.610512361144416	13.0	Sicherheit#Haupt
Bus	5378	51.289863045815046	13.0	Sicherheit#Haupt
Bahnstrecke	45601	51.068053079072044	13.0	Sicherheit#Haupt
Zugbegleiter	59392	50.63776724418157	13.0	Sicherheit#Haupt
Sachsen	156024	49.97212273764114	13.0	Sicherheit#Haupt
Nürnberg	10750	49.126548857360525	13.0	Sicherheit#Haupt
Bahnübergänge	113882	49.03637462919283	13.0	Sicherheit#Haupt
Eritreer	186124	46.71604522525303	13.0	Sicherheit#Haupt
Klimaanlage	178761	45.10683735466996	13.0	Sicherheit#Haupt
Axt	5162	45.03625307110873	13.0	Sicherheit#Haupt
Schwenningen	36167	98.79194859967085	14.0	Informationen#Haupt
€	2301	98.24997861040085	14.0	Informationen#Haupt
IC2	6269	97.43377484107393	14.0	Informationen#Haupt
Oranienburg	186014	93.40368715465503	14.0	Informationen#Haupt
Bearbeitungsgebühr	50710	78.4854348245668	14.0	Informationen#Haupt
Dürrheim	93254	56.73428983279028	14.0	Informationen#Haupt
17,50	153498	55.74820326371134	14.0	Informationen#Haupt
Servicepoint	47535	55.68814715526878	14.0	Informationen#Haupt
BC25	31446	51.35116232945529	14.0	Informationen#Haupt
S21	7616	50.31772456727198	14.0	Informationen#Haupt
Üstra	73069	49.87252519885704	14.0	Informationen#Haupt
min	9721	49.126548857360525	14.0	Informationen#Haupt
Maja	37990	45.703606881770085	14.0	Informationen#Haupt
Waggon	186319	45.307121203776894	14.0	Informationen#Haupt
S8	1299	42.510385763715284	14.0	Informationen#Haupt
Hbf	6301	41.13330845202128	14.0	Informationen#Haupt
Schotter	160549	40.79830368531688	14.0	Informationen#Haupt
Lübeck	142577	38.664787540202646	14.0	Informationen#Haupt
Liner	81918	37.37283618020243	14.0	Informationen#Haupt
StN	8063	37.33058598544061	14.0	Informationen#Haupt
Schwenningen	36167	98.79194859967085	15.0	Zugfahrt#Anschlusserreichung
€	2301	98.24997861040085	15.0	Zugfahrt#Anschlusserreichung
IC2	6269	97.43377484107393	15.0	Zugfahrt#Anschlusserreichung
Oranienburg	186014	93.40368715465503	15.0	Zugfahrt#Anschlusserreichung
Bearbeitungsgebühr	50710	78.4854348245668	15.0	Zugfahrt#Anschlusserreichung
Dürrheim	93254	56.73428983279028	15.0	Zugfahrt#Anschlusserreichung
17,50	153498	55.74820326371134	15.0	Zugfahrt#Anschlusserreichung
Servicepoint	47535	55.68814715526878	15.0	Zugfahrt#Anschlusserreichung
BC25	31446	51.35116232945529	15.0	Zugfahrt#Anschlusserreichung
S21	7616	50.31772456727198	15.0	Zugfahrt#Anschlusserreichung
Üstra	73069	49.87252519885704	15.0	Zugfahrt#Anschlusserreichung
min	9721	49.126548857360525	15.0	Zugfahrt#Anschlusserreichung
Maja	37990	45.703606881770085	15.0	Zugfahrt#Anschlusserreichung
Waggon	186319	45.307121203776894	15.0	Zugfahrt#Anschlusserreichung
S8	1299	42.510385763715284	15.0	Zugfahrt#Anschlusserreichung
Hbf	6301	41.13330845202128	15.0	Zugfahrt#Anschlusserreichung
Schotter	160549	40.79830368531688	15.0	Zugfahrt#Anschlusserreichung
Lübeck	142577	38.664787540202646	15.0	Zugfahrt#Anschlusserreichung
Liner	81918	37.37283618020243	15.0	Zugfahrt#Anschlusserreichung
StN	8063	37.33058598544061	15.0	Zugfahrt#Anschlusserreichung
Scheiße	101557	114.65821769090809	16.0	Allgemein#Haupt
Kyoto	77595	107.64924398361701	16.0	Allgemein#Haupt
€	2301	89.31816237309167	16.0	Allgemein#Haupt
Prozent	156578	80.401469326271	16.0	Allgemein#Haupt
Esslingen	69298	75.2131798019924	16.0	Allgemein#Haupt
Großraum	167232	69.66024187106113	16.0	Allgemein#Haupt
Beitrag	135526	66.97949362991531	16.0	Allgemein#Haupt
Regio	135901	64.61394075346907	16.0	Allgemein#Haupt
Schlichtung	128169	59.46992469121513	16.0	Allgemein#Haupt
gutefrage.net-Tag	129558	59.039771109937504	16.0	Allgemein#Haupt
www.ruhrnachrichten.de	72214	56.38738917339231	16.0	Allgemein#Haupt
Geesthacht	98609	55.11628607644283	16.0	Allgemein#Haupt
Euro	34117	54.80140387902161	16.0	Allgemein#Haupt
room	53377	53.02479790643194	16.0	Allgemein#Haupt
living	68427	51.998870909003905	16.0	Allgemein#Haupt
Vielen	139022	51.80985736243572	16.0	Allgemein#Haupt
Günstige	74847	51.04098029519812	16.0	Allgemein#Haupt
dortmund	172746	51.01125892382606	16.0	Allgemein#Haupt
nit	9805	50.53597624542002	16.0	Allgemein#Haupt
Hotel	44365	50.45631143269159	16.0	Allgemein#Haupt
pro	9965	71.6703787691222	17.0	Komfort_und_Ausstattung#Haupt
®	107	64.67403285045854	17.0	Komfort_und_Ausstattung#Haupt
Klasse	29091	64.4056270517624	17.0	Komfort_und_Ausstattung#Haupt
Person	66526	51.99000893386031	17.0	Komfort_und_Ausstattung#Haupt
Ferienhaus	82734	49.814759008654256	17.0	Komfort_und_Ausstattung#Haupt
Disney	14230	48.9623793516076	17.0	Komfort_und_Ausstattung#Haupt
Disneyland	165849	47.67758186148325	17.0	Komfort_und_Ausstattung#Haupt
Uhr	8283	47.13400827807628	17.0	Komfort_und_Ausstattung#Haupt
Verspätung	61896	46.53960350157523	17.0	Komfort_und_Ausstattung#Haupt
Milla	91134	43.812447736857905	17.0	Komfort_und_Ausstattung#Haupt
Strecke	18323	41.743872698956366	17.0	Komfort_und_Ausstattung#Haupt
unkomfortabel	90774	39.44482464111809	17.0	Komfort_und_Ausstattung#Haupt
IC2	6269	38.97350993642957	17.0	Komfort_und_Ausstattung#Haupt
Themenparks	125800	38.276252870128864	17.0	Komfort_und_Ausstattung#Haupt
…	2290	35.909291004461515	17.0	Komfort_und_Ausstattung#Haupt
Auto	31918	35.8351893845611	17.0	Komfort_und_Ausstattung#Haupt
Kind	36919	35.8351893845611	17.0	Komfort_und_Ausstattung#Haupt
Flüge	19312	34.81271025226238	17.0	Komfort_und_Ausstattung#Haupt
App	5083	33.987961936394875	17.0	Komfort_und_Ausstattung#Haupt
IC	881	32.7062307213942	17.0	Komfort_und_Ausstattung#Haupt
00	256	52.656801619709874	18.0	Service_und_Kundenbetreuung#Zugbetreuung
Kundenbetreuer	77353	50.385050090821544	18.0	Service_und_Kundenbetreuung#Zugbetreuung
gutefrage.net-Tag	129558	49.19980925828125	18.0	Service_und_Kundenbetreuung#Zugbetreuung
zahlen	139340	42.48495242049359	18.0	Service_und_Kundenbetreuung#Zugbetreuung
Siegen	119323	40.5971502879621	18.0	Service_und_Kundenbetreuung#Zugbetreuung
Knipser	38649	39.30426562227017	18.0	Service_und_Kundenbetreuung#Zugbetreuung
17	279	31.354942159291497	18.0	Service_und_Kundenbetreuung#Zugbetreuung
<	29	27.01841639795185	18.0	Service_und_Kundenbetreuung#Zugbetreuung
Hansaring	66979	26.89945133719329	18.0	Service_und_Kundenbetreuung#Zugbetreuung
Ticket	70094	26.86402088686924	18.0	Service_und_Kundenbetreuung#Zugbetreuung
beendet	59919	26.795448711927502	18.0	Service_und_Kundenbetreuung#Zugbetreuung
pöbelt	161920	26.234420212205695	18.0	Service_und_Kundenbetreuung#Zugbetreuung
Manuel	177963	25.699476095621552	18.0	Service_und_Kundenbetreuung#Zugbetreuung
16	278	24.356179501787384	18.0	Service_und_Kundenbetreuung#Zugbetreuung
*	10	23.965858188431927	18.0	Service_und_Kundenbetreuung#Zugbetreuung
gemein	105806	23.915543059604488	18.0	Service_und_Kundenbetreuung#Zugbetreuung
^	64	22.510484454762548	18.0	Service_und_Kundenbetreuung#Zugbetreuung
weigerte	108888	22.159412546489683	18.0	Service_und_Kundenbetreuung#Zugbetreuung
"	2	21.972245773362197	18.0	Service_und_Kundenbetreuung#Zugbetreuung
aufgrund	98802	21.825516958358314	18.0	Service_und_Kundenbetreuung#Zugbetreuung
DJI	5477	35.42436422100916	19.0	DB_App_und_Website#Störungen_DB_App_und_Website
deinstallieren	44773	34.9562236913229	19.0	DB_App_und_Website#Störungen_DB_App_und_Website
Installieren	125023	32.82524290317608	19.0	DB_App_und_Website#Störungen_DB_App_und_Website
Update	85383	29.519885554968752	19.0	DB_App_und_Website#Störungen_DB_App_und_Website
Fußraum	24411	19.455289923679764	19.0	DB_App_und_Website#Störungen_DB_App_und_Website
Verlustmeldung	126119	19.276046977301558	19.0	DB_App_und_Website#Störungen_DB_App_und_Website
Verspätung	61896	18.615841400630092	19.0	DB_App_und_Website#Störungen_DB_App_und_Website
Dann	33241	18.26713462634054	19.0	DB_App_und_Website#Störungen_DB_App_und_Website
nett	51753	18.173179129080015	19.0	DB_App_und_Website#Störungen_DB_App_und_Website
Sigrun	120139	17.57321891012225	19.0	DB_App_und_Website#Störungen_DB_App_und_Website
Dateigröße	79792	17.342916300855332	19.0	DB_App_und_Website#Störungen_DB_App_und_Website
oh	1952	16.552358689394122	19.0	DB_App_und_Website#Störungen_DB_App_und_Website
505	3869	16.4818250833778	19.0	DB_App_und_Website#Störungen_DB_App_und_Website
Fehler	51350	15.400590406840234	19.0	DB_App_und_Website#Störungen_DB_App_und_Website
Tasche	169661	15.353981437250265	19.0	DB_App_und_Website#Störungen_DB_App_und_Website
png	9950	15.260922523567254	19.0	DB_App_und_Website#Störungen_DB_App_und_Website
fährt	13659	15.226649959081278	19.0	DB_App_und_Website#Störungen_DB_App_und_Website
Fehlermeldung	116355	15.127439336828733	19.0	DB_App_und_Website#Störungen_DB_App_und_Website
S4	1289	14.489883092674013	19.0	DB_App_und_Website#Störungen_DB_App_und_Website
mal	9680	14.33407575382444	19.0	DB_App_und_Website#Störungen_DB_App_und_Website
Oranienburg	186014	93.40368715465503	20.0	Reisen_mit_Kindern#Haupt
Rollstühlen	85212	53.71174901141559	20.0	Reisen_mit_Kindern#Haupt
Alstom	21607	44.446541599214235	20.0	Reisen_mit_Kindern#Haupt
ausgebucht	162297	43.260477769024725	20.0	Reisen_mit_Kindern#Haupt
gutefrage.net-Tag	129558	39.359847406625	20.0	Reisen_mit_Kindern#Haupt
Wartezeit	159537	37.04271662341162	20.0	Reisen_mit_Kindern#Haupt
frage	158178	36.431015132804326	20.0	Reisen_mit_Kindern#Haupt
Ausfall	123794	36.21288859514854	20.0	Reisen_mit_Kindern#Haupt
kundenfreundlich	67866	35.865935116257724	20.0	Reisen_mit_Kindern#Haupt
Wagenreihung	46357	35.45050067763569	20.0	Reisen_mit_Kindern#Haupt
Großraum	167232	34.830120935530566	20.0	Reisen_mit_Kindern#Haupt
Birkenwerder	103948	34.19554255259491	20.0	Reisen_mit_Kindern#Haupt
Schaffnerin	136218	34.10064544426166	20.0	Reisen_mit_Kindern#Haupt
Züge	45627	32.2028135258812	20.0	Reisen_mit_Kindern#Haupt
Höchster	92410	31.96772207940991	20.0	Reisen_mit_Kindern#Haupt
Naumburg	131875	31.7423495423568	20.0	Reisen_mit_Kindern#Haupt
Regionalzug	50032	31.442283142154658	20.0	Reisen_mit_Kindern#Haupt
RB	1266	30.342127941220554	20.0	Reisen_mit_Kindern#Haupt
min	9721	29.475929314416312	20.0	Reisen_mit_Kindern#Haupt
Hamburg	95860	29.100689277811085	20.0	Reisen_mit_Kindern#Haupt
Oranienburg	186014	93.40368715465503	21.0	Komfort_und_Ausstattung#Reservierung
Rollstühlen	85212	53.71174901141559	21.0	Komfort_und_Ausstattung#Reservierung
Alstom	21607	44.446541599214235	21.0	Komfort_und_Ausstattung#Reservierung
ausgebucht	162297	43.260477769024725	21.0	Komfort_und_Ausstattung#Reservierung
gutefrage.net-Tag	129558	39.359847406625	21.0	Komfort_und_Ausstattung#Reservierung
Wartezeit	159537	37.04271662341162	21.0	Komfort_und_Ausstattung#Reservierung
frage	158178	36.431015132804326	21.0	Komfort_und_Ausstattung#Reservierung
Ausfall	123794	36.21288859514854	21.0	Komfort_und_Ausstattung#Reservierung
kundenfreundlich	67866	35.865935116257724	21.0	Komfort_und_Ausstattung#Reservierung
Wagenreihung	46357	35.45050067763569	21.0	Komfort_und_Ausstattung#Reservierung
Großraum	167232	34.830120935530566	21.0	Komfort_und_Ausstattung#Reservierung
Birkenwerder	103948	34.19554255259491	21.0	Komfort_und_Ausstattung#Reservierung
Schaffnerin	136218	34.10064544426166	21.0	Komfort_und_Ausstattung#Reservierung
Züge	45627	32.2028135258812	21.0	Komfort_und_Ausstattung#Reservierung
Höchster	92410	31.96772207940991	21.0	Komfort_und_Ausstattung#Reservierung
Naumburg	131875	31.7423495423568	21.0	Komfort_und_Ausstattung#Reservierung
Regionalzug	50032	31.442283142154658	21.0	Komfort_und_Ausstattung#Reservierung
RB	1266	30.342127941220554	21.0	Komfort_und_Ausstattung#Reservierung
min	9721	29.475929314416312	21.0	Komfort_und_Ausstattung#Reservierung
Hamburg	95860	29.100689277811085	21.0	Komfort_und_Ausstattung#Reservierung
#	3	70.40930522865746	22.0	Image#Haupt
Westfalenpost	181189	52.095228744018456	22.0	Image#Haupt
Schienenverkehr	99863	44.566433043197364	22.0	Image#Haupt
Monaten	170879	39.51243718581428	22.0	Image#Haupt
Lehrer	92228	38.432168357866054	22.0	Image#Haupt
Diebstahl	36650	36.87797554601339	22.0	Image#Haupt
NRW	7119	36.431015132804326	22.0	Image#Haupt
Menzel	42709	33.16718842019493	22.0	Image#Haupt
Justus	177020	29.68710317457859	22.0	Image#Haupt
überfüllt	188404	27.151379929238317	22.0	Image#Haupt
Fahrgast	142773	25.65383582866943	22.0	Image#Haupt
Carsten	64168	25.540777595990903	22.0	Image#Haupt
Bahn-Tochter	167940	23.67735613056106	22.0	Image#Haupt
Südwest	84003	21.70685742320025	22.0	Image#Haupt
Mobilität	130192	20.988096288641945	22.0	Image#Haupt
Freie	19641	20.881423300313298	22.0	Image#Haupt
EVG	5787	20.659143895694058	22.0	Image#Haupt
Fahrgäste	46199	19.823308230405043	22.0	Image#Haupt
bestreikten	40181	19.795140157544182	22.0	Image#Haupt
Knipser	38649	19.652132811135086	22.0	Image#Haupt
Abteil	106556	57.3301277930691	23.0	Atmosphäre#Lautstärke
„	2286	52.733389856069266	23.0	Atmosphäre#Lautstärke
“	2284	49.906597000316054	23.0	Atmosphäre#Lautstärke
gutefrage.net-Tag	129558	49.19980925828125	23.0	Atmosphäre#Lautstärke
Klasse	29091	48.304220288821796	23.0	Atmosphäre#Lautstärke
^	64	45.020968909525095	23.0	Atmosphäre#Lautstärke
Prozent	156578	38.286413964890954	23.0	Atmosphäre#Lautstärke
Mittelrheintal	111909	36.78050082467881	23.0	Atmosphäre#Lautstärke
Zitat	39367	35.54121005192253	23.0	Atmosphäre#Lautstärke
Ruhe	40862	34.43252074563336	23.0	Atmosphäre#Lautstärke
Wagons	187126	33.57376953592025	23.0	Atmosphäre#Lautstärke
HA	841	32.624893292778495	23.0	Atmosphäre#Lautstärke
arbeiten	159511	28.887343301153795	23.0	Atmosphäre#Lautstärke
Platz	119428	27.972060491731842	23.0	Atmosphäre#Lautstärke
NIE	7062	26.569947205469024	23.0	Atmosphäre#Lautstärke
Toiletten	117099	26.339165569542864	23.0	Atmosphäre#Lautstärke
00	256	26.328400809854937	23.0	Atmosphäre#Lautstärke
telefonieren	175765	26.175647382259168	23.0	Atmosphäre#Lautstärke
Sitzen	124198	26.035076547886728	23.0	Atmosphäre#Lautstärke
Euro	34117	24.356179501787384	23.0	Atmosphäre#Lautstärke
Potsdam	181323	112.48035012374677	24.0	Zugfahrt#Fahrtzeit_und_Schnelligkeit
Kyoto	77595	107.64924398361701	24.0	Zugfahrt#Fahrtzeit_und_Schnelligkeit
®	107	64.67403285045854	24.0	Zugfahrt#Fahrtzeit_und_Schnelligkeit
Brötchen	176534	57.83839611711922	24.0	Zugfahrt#Fahrtzeit_und_Schnelligkeit
Erfurt-Leipzig	86876	56.254111827378125	24.0	Zugfahrt#Fahrtzeit_und_Schnelligkeit
Messe	90057	54.07171771460119	24.0	Zugfahrt#Fahrtzeit_und_Schnelligkeit
Sicherungstechnik	141878	53.66886662499321	24.0	Zugfahrt#Fahrtzeit_und_Schnelligkeit
Busse	162870	53.27876168789581	24.0	Zugfahrt#Fahrtzeit_und_Schnelligkeit
Weimar	54728	52.949911868137754	24.0	Zugfahrt#Fahrtzeit_und_Schnelligkeit
Anreise	123717	52.933048247244926	24.0	Zugfahrt#Fahrtzeit_und_Schnelligkeit
Wohnung	116724	52.584319616086574	24.0	Zugfahrt#Fahrtzeit_und_Schnelligkeit
Erneuerung	66127	52.33977568405444	24.0	Zugfahrt#Fahrtzeit_und_Schnelligkeit
läuft	78656	51.289863045815046	24.0	Zugfahrt#Fahrtzeit_und_Schnelligkeit
Bahnstrecke	45601	51.068053079072044	24.0	Zugfahrt#Fahrtzeit_und_Schnelligkeit
Sachsen	156024	49.97212273764114	24.0	Zugfahrt#Fahrtzeit_und_Schnelligkeit
Disneyland	165849	47.67758186148325	24.0	Zugfahrt#Fahrtzeit_und_Schnelligkeit
Sprinter	61100	46.58322772692133	24.0	Zugfahrt#Fahrtzeit_und_Schnelligkeit
Sperrung	113172	45.020968909525095	24.0	Zugfahrt#Fahrtzeit_und_Schnelligkeit
A10	4654	44.943478483928544	24.0	Zugfahrt#Fahrtzeit_und_Schnelligkeit
Innenstadt	48439	41.54365480712168	24.0	Zugfahrt#Fahrtzeit_und_Schnelligkeit
Alemannia	144118	70.49083383972582	25.0	DB_App_und_Website#Haupt
MS	1078	53.19187640019821	25.0	DB_App_und_Website#Haupt
„	2286	48.33894070139683	25.0	DB_App_und_Website#Haupt
Vollpension	168122	47.69243072888166	25.0	DB_App_und_Website#Haupt
Flusskreuzfahrt	49667	46.61075023514094	25.0	DB_App_und_Website#Haupt
“	2284	45.747713916956386	25.0	DB_App_und_Website#Haupt
Boppard	36679	44.18332293178713	25.0	DB_App_und_Website#Haupt
Bearbeitungsgebühr	50710	39.2427174122834	25.0	DB_App_und_Website#Haupt
euch	48315	39.09715845625779	25.0	DB_App_und_Website#Haupt
Frankfurt	8220	38.91820298110626	25.0	DB_App_und_Website#Haupt
Erstattung	166148	37.11725174340296	25.0	DB_App_und_Website#Haupt
€	2301	35.72726494923667	25.0	DB_App_und_Website#Haupt
kostet	173132	35.25375397811403	25.0	DB_App_und_Website#Haupt
ihr	9432	35.15559323737951	25.0	DB_App_und_Website#Haupt
App	5083	33.987961936394875	25.0	DB_App_und_Website#Haupt
Main	37997	32.90336256054692	25.0	DB_App_und_Website#Haupt
Apps	31778	29.475929314416312	25.0	DB_App_und_Website#Haupt
Doch	33506	29.444389791664403	25.0	DB_App_und_Website#Haupt
299	3487	28.822540705641455	25.0	DB_App_und_Website#Haupt
Deutschland	72023	28.774743273580448	25.0	DB_App_und_Website#Haupt
dbl	9024	9.107421317968342	26.0	Sonstiges_/_Keine_Kategorie#Haupt
Heimfahrt	71223	7.741967899820685	26.0	Sonstiges_/_Keine_Kategorie#Haupt
Kongress	82699	5.823045895483019	26.0	Sonstiges_/_Keine_Kategorie#Haupt
Horror	46867	5.616771097666572	26.0	Sonstiges_/_Keine_Kategorie#Haupt
Danke	175581	3.8066624897703196	26.0	Sonstiges_/_Keine_Kategorie#Haupt
liebe	36300	3.7612001156935624	26.0	Sonstiges_/_Keine_Kategorie#Haupt
gut	9327	3.58351893845611	26.0	Sonstiges_/_Keine_Kategorie#Haupt
war	10406	3.2188758248682006	26.0	Sonstiges_/_Keine_Kategorie#Haupt
Bahn	32073	1.0986122886681098	26.0	Sonstiges_/_Keine_Kategorie#Haupt
-	13	0.6931471805599453	26.0	Sonstiges_/_Keine_Kategorie#Haupt
!	1	0.6931471805599453	26.0	Sonstiges_/_Keine_Kategorie#Haupt
´	111	94.2340012034401	27.0	Design#Haupt
Klimaanlage	178761	78.93696537067244	27.0	Design#Haupt
läuft	78656	51.289863045815046	27.0	Design#Haupt
IC2	6269	48.71688742053696	27.0	Design#Haupt
Kimberley	91503	38.01800564210269	27.0	Design#Haupt
Steuerwagen	91185	37.591592782261536	27.0	Design#Haupt
xD	2131	37.55748878438954	27.0	Design#Haupt
…	2290	35.909291004461515	27.0	Design#Haupt
IC	881	32.7062307213942	27.0	Design#Haupt
Mandy	88762	30.952209190757262	27.0	Design#Haupt
Cheyenne	129212	29.805830625076602	27.0	Design#Haupt
Fahrplanwechsel	29199	28.148110458745105	27.0	Design#Haupt
Bahnhof	154884	24.043999111394825	27.0	Design#Haupt
466	3789	23.52447877338004	27.0	Design#Haupt
egal	48086	22.705137803509565	27.0	Design#Haupt
12	274	22.66570675244973	27.0	Design#Haupt
Nancy	97931	22.14076736527938	27.0	Design#Haupt
"	2	21.972245773362197	27.0	Design#Haupt
218	3379	20.524846429432774	27.0	Design#Haupt
Marina	179651	20.171497322463626	27.0	Design#Haupt
Ffm	6015	17.24742606958782	28.0	Toiletten#Funktionsfähigkeit_Toiletten
Wagons	187126	16.786884767960125	28.0	Toiletten#Funktionsfähigkeit_Toiletten
Sonderzug	43686	15.002164248519742	28.0	Toiletten#Funktionsfähigkeit_Toiletten
Verhältnismäßigkeit	94939	14.942726176374194	28.0	Toiletten#Funktionsfähigkeit_Toiletten
MDR	6828	13.37172189413672	28.0	Toiletten#Funktionsfähigkeit_Toiletten
Toiletten	117099	13.169582784771432	28.0	Toiletten#Funktionsfähigkeit_Toiletten
verkörpert	122161	12.80714839586963	28.0	Toiletten#Funktionsfähigkeit_Toiletten
hintereinander	148171	12.637936227492869	28.0	Toiletten#Funktionsfähigkeit_Toiletten
beschädigt	103486	12.31395797117111	28.0	Toiletten#Funktionsfähigkeit_Toiletten
Toilette	12222	12.2405948379019	28.0	Toiletten#Funktionsfähigkeit_Toiletten
Zumindest	87785	10.352299465147658	28.0	Toiletten#Funktionsfähigkeit_Toiletten
kaputt	35807	10.271596874100524	28.0	Toiletten#Funktionsfähigkeit_Toiletten
1ten	26572	9.974505039771408	28.0	Toiletten#Funktionsfähigkeit_Toiletten
Wagenstandsanzeiger	110534	9.681842877345654	28.0	Toiletten#Funktionsfähigkeit_Toiletten
mich	51384	9.656627474604601	28.0	Toiletten#Funktionsfähigkeit_Toiletten
SACHSEN	83484	9.638023488650779	28.0	Toiletten#Funktionsfähigkeit_Toiletten
Gewaltorgie	176773	9.529811766917371	28.0	Toiletten#Funktionsfähigkeit_Toiletten
ekelerregende	42617	9.443830215344537	28.0	Toiletten#Funktionsfähigkeit_Toiletten
RE3	7563	9.37568530456302	28.0	Toiletten#Funktionsfähigkeit_Toiletten
Odysee	107846	9.364691031806107	28.0	Toiletten#Funktionsfähigkeit_Toiletten
Ffm	6015	17.24742606958782	29.0	Toiletten#Sauberkeit_Toilette
Wagons	187126	16.786884767960125	29.0	Toiletten#Sauberkeit_Toilette
Sonderzug	43686	15.002164248519742	29.0	Toiletten#Sauberkeit_Toilette
Verhältnismäßigkeit	94939	14.942726176374194	29.0	Toiletten#Sauberkeit_Toilette
MDR	6828	13.37172189413672	29.0	Toiletten#Sauberkeit_Toilette
Toiletten	117099	13.169582784771432	29.0	Toiletten#Sauberkeit_Toilette
verkörpert	122161	12.80714839586963	29.0	Toiletten#Sauberkeit_Toilette
hintereinander	148171	12.637936227492869	29.0	Toiletten#Sauberkeit_Toilette
beschädigt	103486	12.31395797117111	29.0	Toiletten#Sauberkeit_Toilette
Toilette	12222	12.2405948379019	29.0	Toiletten#Sauberkeit_Toilette
Zumindest	87785	10.352299465147658	29.0	Toiletten#Sauberkeit_Toilette
kaputt	35807	10.271596874100524	29.0	Toiletten#Sauberkeit_Toilette
1ten	26572	9.974505039771408	29.0	Toiletten#Sauberkeit_Toilette
Wagenstandsanzeiger	110534	9.681842877345654	29.0	Toiletten#Sauberkeit_Toilette
mich	51384	9.656627474604601	29.0	Toiletten#Sauberkeit_Toilette
SACHSEN	83484	9.638023488650779	29.0	Toiletten#Sauberkeit_Toilette
Gewaltorgie	176773	9.529811766917371	29.0	Toiletten#Sauberkeit_Toilette
ekelerregende	42617	9.443830215344537	29.0	Toiletten#Sauberkeit_Toilette
RE3	7563	9.37568530456302	29.0	Toiletten#Sauberkeit_Toilette
Odysee	107846	9.364691031806107	29.0	Toiletten#Sauberkeit_Toilette
Ffm	6015	17.24742606958782	30.0	Zugfahrt#Puenktlichkeit
Wagons	187126	16.786884767960125	30.0	Zugfahrt#Puenktlichkeit
Sonderzug	43686	15.002164248519742	30.0	Zugfahrt#Puenktlichkeit
Verhältnismäßigkeit	94939	14.942726176374194	30.0	Zugfahrt#Puenktlichkeit
MDR	6828	13.37172189413672	30.0	Zugfahrt#Puenktlichkeit
Toiletten	117099	13.169582784771432	30.0	Zugfahrt#Puenktlichkeit
verkörpert	122161	12.80714839586963	30.0	Zugfahrt#Puenktlichkeit
hintereinander	148171	12.637936227492869	30.0	Zugfahrt#Puenktlichkeit
beschädigt	103486	12.31395797117111	30.0	Zugfahrt#Puenktlichkeit
Toilette	12222	12.2405948379019	30.0	Zugfahrt#Puenktlichkeit
Zumindest	87785	10.352299465147658	30.0	Zugfahrt#Puenktlichkeit
kaputt	35807	10.271596874100524	30.0	Zugfahrt#Puenktlichkeit
1ten	26572	9.974505039771408	30.0	Zugfahrt#Puenktlichkeit
Wagenstandsanzeiger	110534	9.681842877345654	30.0	Zugfahrt#Puenktlichkeit
mich	51384	9.656627474604601	30.0	Zugfahrt#Puenktlichkeit
SACHSEN	83484	9.638023488650779	30.0	Zugfahrt#Puenktlichkeit
Gewaltorgie	176773	9.529811766917371	30.0	Zugfahrt#Puenktlichkeit
ekelerregende	42617	9.443830215344537	30.0	Zugfahrt#Puenktlichkeit
RE3	7563	9.37568530456302	30.0	Zugfahrt#Puenktlichkeit
Odysee	107846	9.364691031806107	30.0	Zugfahrt#Puenktlichkeit
=	30	1526.5470468427213	31.0	Zugfahrt#Technische_Schäden_und_Störungen_am_Zug
Stichflamme	67139	52.610512361144416	31.0	Zugfahrt#Technische_Schäden_und_Störungen_am_Zug
Intercitys	84020	50.510863310862476	31.0	Zugfahrt#Technische_Schäden_und_Störungen_am_Zug
S75	7642	50.09406718905602	31.0	Zugfahrt#Technische_Schäden_und_Störungen_am_Zug
zusätzl	30125	47.64905883458685	31.0	Zugfahrt#Technische_Schäden_und_Störungen_am_Zug
sbahn-meldungen.de	59710	46.45180739892411	31.0	Zugfahrt#Technische_Schäden_und_Störungen_am_Zug
Argentinien	188168	44.33295739697783	31.0	Zugfahrt#Technische_Schäden_und_Störungen_am_Zug
Saale	144015	44.14392700863611	31.0	Zugfahrt#Technische_Schäden_und_Störungen_am_Zug
S5	1291	40.49958716273142	31.0	Zugfahrt#Technische_Schäden_und_Störungen_am_Zug
S7	1297	40.0775951150663	31.0	Zugfahrt#Technische_Schäden_und_Störungen_am_Zug
Naumburg	131875	39.677936927946	31.0	Zugfahrt#Technische_Schäden_und_Störungen_am_Zug
SBahnBerlin	155973	39.541806289180116	31.0	Zugfahrt#Technische_Schäden_und_Störungen_am_Zug
S85	7647	36.04511796471172	31.0	Zugfahrt#Technische_Schäden_und_Störungen_am_Zug
Amsterdam	84119	35.33326774999728	31.0	Zugfahrt#Technische_Schäden_und_Störungen_am_Zug
S25	7617	34.86417620064561	31.0	Zugfahrt#Technische_Schäden_und_Störungen_am_Zug
633	4051	33.863599588114745	31.0	Zugfahrt#Technische_Schäden_und_Störungen_am_Zug
IC	881	32.7062307213942	31.0	Zugfahrt#Technische_Schäden_und_Störungen_am_Zug
Gleich	67126	32.57607377372665	31.0	Zugfahrt#Technische_Schäden_und_Störungen_am_Zug
gestrandet	27316	31.712182403499106	31.0	Zugfahrt#Technische_Schäden_und_Störungen_am_Zug
zweimal	108728	30.954331795287175	31.0	Zugfahrt#Technische_Schäden_und_Störungen_am_Zug
/	16	21.972245773362197	32.0	Connectivity#Haupt
Funklöcher	79253	18.3183046704135	32.0	Connectivity#Haupt
Streckenabschnitten	178511	17.88962220833107	32.0	Connectivity#Haupt
Notrufe	42730	17.513050005853945	32.0	Connectivity#Haupt
www.ndr.de	87152	16.940622411032216	32.0	Connectivity#Haupt
SPNV	40729	16.82010663171667	32.0	Connectivity#Haupt
#	3	16.24830120661326	32.0	Connectivity#Haupt
DeutscheBahn	74238	15.903118662310504	32.0	Connectivity#Haupt
SH	1315	15.429354947601855	32.0	Connectivity#Haupt
Telekom_hilft	159428	15.23846683245361	32.0	Connectivity#Haupt
"	2	13.183347464017316	32.0	Connectivity#Haupt
nachrichten	82601	12.57199618901773	32.0	Connectivity#Haupt
Stellen	77657	11.795476898172977	32.0	Connectivity#Haupt
öffnet	116234	10.396994062531652	32.0	Connectivity#Haupt
250	3427	10.06087584278487	32.0	Connectivity#Haupt
Sorgen	180580	9.868947866261383	32.0	Connectivity#Haupt
HVVStoerungen	158253	9.861206160279522	32.0	Connectivity#Haupt
Downstream	120960	9.809012024313242	32.0	Connectivity#Haupt
Anfrage	186636	9.719624808723344	32.0	Connectivity#Haupt
Kleine	29521	9.704060527839234	32.0	Connectivity#Haupt
gutefrage.net-Tag	129558	68.87973296159375	33.0	Connectivity#WLAN_und_Internet
„	2286	48.33894070139683	33.0	Connectivity#WLAN_und_Internet
“	2284	45.747713916956386	33.0	Connectivity#WLAN_und_Internet
"	2	39.55004239205195	33.0	Connectivity#WLAN_und_Internet
Bearbeitungsgebühr	50710	39.2427174122834	33.0	Connectivity#WLAN_und_Internet
Datenverbindung	139849	37.247253363627266	33.0	Connectivity#WLAN_und_Internet
Zitat	39367	35.54121005192253	33.0	Connectivity#WLAN_und_Internet
Großraum	167232	34.830120935530566	33.0	Connectivity#WLAN_und_Internet
Gruseln	15244	33.69065083028001	33.0	Connectivity#WLAN_und_Internet
Störung	76250	32.52320999563372	33.0	Connectivity#WLAN_und_Internet
Internet-Angebot	14500	32.31351241450608	33.0	Connectivity#WLAN_und_Internet
o2	1905	31.73231908752166	33.0	Connectivity#WLAN_und_Internet
dts	9088	30.59114418176373	33.0	Connectivity#WLAN_und_Internet
Versäumnisse	81051	30.024168714072488	33.0	Connectivity#WLAN_und_Internet
Hinfahrt	63582	29.80728894611172	33.0	Connectivity#WLAN_und_Internet
Doch	33506	29.444389791664403	33.0	Connectivity#WLAN_und_Internet
17,50	153498	27.87410163185567	33.0	Connectivity#WLAN_und_Internet
Nachrichtenagentur	63428	26.83233633541228	33.0	Connectivity#WLAN_und_Internet
Sparpreis	162415	26.432002501184346	33.0	Connectivity#WLAN_und_Internet
wirtschaft	133447	26.10011863137385	33.0	Connectivity#WLAN_und_Internet
Focus	18708	46.121528822278755	34.0	Connectivity#Telefonie_und_Handyempfang
Netz	38693	39.88984046564275	34.0	Connectivity#Telefonie_und_Handyempfang
gutefrage.net-Tag	129558	34.43986648079687	34.0	Connectivity#Telefonie_und_Handyempfang
Gruseln	15244	33.69065083028001	34.0	Connectivity#Telefonie_und_Handyempfang
Störung	76250	32.52320999563372	34.0	Connectivity#Telefonie_und_Handyempfang
o2	1905	31.73231908752166	34.0	Connectivity#Telefonie_und_Handyempfang
Warentest	139396	28.67431958905614	34.0	Connectivity#Telefonie_und_Handyempfang
Tablets	129531	24.550908216344936	34.0	Connectivity#Telefonie_und_Handyempfang
Hagen	37700	24.31973278038236	34.0	Connectivity#Telefonie_und_Handyempfang
Smartphones	187385	22.05371498465993	34.0	Connectivity#Telefonie_und_Handyempfang
>	31	20.399465711296795	34.0	Connectivity#Telefonie_und_Handyempfang
nen	9786	20.300695260935306	34.0	Connectivity#Telefonie_und_Handyempfang
Dortmund	146265	19.961730347114944	34.0	Connectivity#Telefonie_und_Handyempfang
Reisestrecke	130338	19.618024048626484	34.0	Connectivity#Telefonie_und_Handyempfang
Stiftung	74929	19.08273849786266	34.0	Connectivity#Telefonie_und_Handyempfang
Gevelsberg	154037	19.03417901429038	34.0	Connectivity#Telefonie_und_Handyempfang
Datenverbindung	139849	18.623626681813633	34.0	Connectivity#Telefonie_und_Handyempfang
Sicherheitsrisiken	64717	18.446118288767916	34.0	Connectivity#Telefonie_und_Handyempfang
.00	2948	18.427269877851227	34.0	Connectivity#Telefonie_und_Handyempfang
Untertreibung	151055	18.40884579642429	34.0	Connectivity#Telefonie_und_Handyempfang
Uhr	8283	27.725887222397812	35.0	Gastronomisches_Angebot#Haupt
Rostock	136214	24.301384124354737	35.0	Gastronomisches_Angebot#Haupt
Hamburg	95860	21.825516958358314	35.0	Gastronomisches_Angebot#Haupt
Liegewagen	89532	18.795796391130768	35.0	Gastronomisches_Angebot#Haupt
Verspätung	61896	18.615841400630092	35.0	Gastronomisches_Angebot#Haupt
Bordrestaurant	151479	17.136532923200477	35.0	Gastronomisches_Angebot#Haupt
Bahn-Ansagen	180909	17.097771276297454	35.0	Gastronomisches_Angebot#Haupt
Abteile	62505	16.561422151325694	35.0	Gastronomisches_Angebot#Haupt
IC	881	16.3531153606971	35.0	Gastronomisches_Angebot#Haupt
Bordbistro	15818	16.345458209730943	35.0	Gastronomisches_Angebot#Haupt
Berlin	84840	16.24830120661326	35.0	Gastronomisches_Angebot#Haupt
Gleis	28738	16.24830120661326	35.0	Gastronomisches_Angebot#Haupt
Klasse	29091	16.1014067629406	35.0	Gastronomisches_Angebot#Haupt
Deutschlandpass	144219	15.98926462286365	35.0	Gastronomisches_Angebot#Haupt
Frankfurt	8220	15.567281192442506	35.0	Gastronomisches_Angebot#Haupt
Kundencenter	73257	15.23059667965163	35.0	Gastronomisches_Angebot#Haupt
Bistro	122220	15.226649959081278	35.0	Gastronomisches_Angebot#Haupt
Abteil	106556	14.332531948267276	35.0	Gastronomisches_Angebot#Haupt
Stunden	58099	13.735948817940585	35.0	Gastronomisches_Angebot#Haupt
Durchsage	100115	13.646572244711374	35.0	Gastronomisches_Angebot#Haupt
Uhr	8283	94.26801655615256	36.0	Barrierefreiheit#Haupt
Oranienburg	186014	93.40368715465503	36.0	Barrierefreiheit#Haupt
—	2279	76.21391708275067	36.0	Barrierefreiheit#Haupt
Rollstuhlfahrer	40286	71.13956109566034	36.0	Barrierefreiheit#Haupt
RB	1266	60.68425588244111	36.0	Barrierefreiheit#Haupt
modernisiert	83945	56.23978329365109	36.0	Barrierefreiheit#Haupt
Rollstühlen	85212	53.71174901141559	36.0	Barrierefreiheit#Haupt
Bahnstrecke	45601	51.068053079072044	36.0	Barrierefreiheit#Haupt
Sachsen	156024	49.97212273764114	36.0	Barrierefreiheit#Haupt
Verspätung	61896	46.53960350157523	36.0	Barrierefreiheit#Haupt
Alstom	21607	44.446541599214235	36.0	Barrierefreiheit#Haupt
Milla	91134	43.812447736857905	36.0	Barrierefreiheit#Haupt
Station	37902	40.70077068185907	36.0	Barrierefreiheit#Haupt
2019	25932	39.150177947060776	36.0	Barrierefreiheit#Haupt
Dresden	95840	38.36632436477393	36.0	Barrierefreiheit#Haupt
mobilitätseingeschränkte	104835	38.01800564210269	36.0	Barrierefreiheit#Haupt
Lampertheim	72862	36.78050082467881	36.0	Barrierefreiheit#Haupt
ausgebaut	147794	34.60992597476263	36.0	Barrierefreiheit#Haupt
saarländischen	142871	34.43325113913489	36.0	Barrierefreiheit#Haupt
Birkenwerder	103948	34.19554255259491	36.0	Barrierefreiheit#Haupt
´	111	94.2340012034401	37.0	Komfort_und_Ausstattung#Sitzkomfort
du	1697	60.99695188927519	37.0	Komfort_und_Ausstattung#Sitzkomfort
Abteil	106556	57.3301277930691	37.0	Komfort_und_Ausstattung#Sitzkomfort
Euro	34117	54.80140387902161	37.0	Komfort_und_Ausstattung#Sitzkomfort
…	2290	51.29898714923073	37.0	Komfort_und_Ausstattung#Sitzkomfort
Beine	157365	42.26562982990391	37.0	Komfort_und_Ausstattung#Sitzkomfort
s	85	40.4652046105463	37.0	Komfort_und_Ausstattung#Sitzkomfort
Preise	184144	40.07333185232471	37.0	Komfort_und_Ausstattung#Sitzkomfort
Sparpreis-Finder	74281	39.590280315088364	37.0	Komfort_und_Ausstattung#Sitzkomfort
unkomfortabel	90774	39.44482464111809	37.0	Komfort_und_Ausstattung#Sitzkomfort
`	66	38.18724780750391	37.0	Komfort_und_Ausstattung#Sitzkomfort
Schrittzähler	38288	38.06835802858076	37.0	Komfort_und_Ausstattung#Sitzkomfort
Kimberley	91503	38.01800564210269	37.0	Komfort_und_Ausstattung#Sitzkomfort
Mitfahrgelegenheit	80345	37.94667911585309	37.0	Komfort_und_Ausstattung#Sitzkomfort
Auto	31918	35.8351893845611	37.0	Komfort_und_Ausstattung#Sitzkomfort
verreisen	50245	34.13272611778297	37.0	Komfort_und_Ausstattung#Sitzkomfort
IC	881	32.7062307213942	37.0	Komfort_und_Ausstattung#Sitzkomfort
euch	48315	32.58096538021482	37.0	Komfort_und_Ausstattung#Sitzkomfort
Wagon	183145	32.229509954231965	37.0	Komfort_und_Ausstattung#Sitzkomfort
Mandy	88762	30.952209190757262	37.0	Komfort_und_Ausstattung#Sitzkomfort
´	111	94.2340012034401	38.0	Gastronomisches_Angebot#Gastronomiebetreuung
du	1697	60.99695188927519	38.0	Gastronomisches_Angebot#Gastronomiebetreuung
Abteil	106556	57.3301277930691	38.0	Gastronomisches_Angebot#Gastronomiebetreuung
Euro	34117	54.80140387902161	38.0	Gastronomisches_Angebot#Gastronomiebetreuung
…	2290	51.29898714923073	38.0	Gastronomisches_Angebot#Gastronomiebetreuung
Beine	157365	42.26562982990391	38.0	Gastronomisches_Angebot#Gastronomiebetreuung
s	85	40.4652046105463	38.0	Gastronomisches_Angebot#Gastronomiebetreuung
Preise	184144	40.07333185232471	38.0	Gastronomisches_Angebot#Gastronomiebetreuung
Sparpreis-Finder	74281	39.590280315088364	38.0	Gastronomisches_Angebot#Gastronomiebetreuung
unkomfortabel	90774	39.44482464111809	38.0	Gastronomisches_Angebot#Gastronomiebetreuung
`	66	38.18724780750391	38.0	Gastronomisches_Angebot#Gastronomiebetreuung
Schrittzähler	38288	38.06835802858076	38.0	Gastronomisches_Angebot#Gastronomiebetreuung
Kimberley	91503	38.01800564210269	38.0	Gastronomisches_Angebot#Gastronomiebetreuung
Mitfahrgelegenheit	80345	37.94667911585309	38.0	Gastronomisches_Angebot#Gastronomiebetreuung
Auto	31918	35.8351893845611	38.0	Gastronomisches_Angebot#Gastronomiebetreuung
verreisen	50245	34.13272611778297	38.0	Gastronomisches_Angebot#Gastronomiebetreuung
IC	881	32.7062307213942	38.0	Gastronomisches_Angebot#Gastronomiebetreuung
euch	48315	32.58096538021482	38.0	Gastronomisches_Angebot#Gastronomiebetreuung
Wagon	183145	32.229509954231965	38.0	Gastronomisches_Angebot#Gastronomiebetreuung
Mandy	88762	30.952209190757262	38.0	Gastronomisches_Angebot#Gastronomiebetreuung
´	111	94.2340012034401	39.0	Service_und_Kundenbetreuung#Am-Platz-Service_und_1._Klasse-Service
du	1697	60.99695188927519	39.0	Service_und_Kundenbetreuung#Am-Platz-Service_und_1._Klasse-Service
Abteil	106556	57.3301277930691	39.0	Service_und_Kundenbetreuung#Am-Platz-Service_und_1._Klasse-Service
Euro	34117	54.80140387902161	39.0	Service_und_Kundenbetreuung#Am-Platz-Service_und_1._Klasse-Service
…	2290	51.29898714923073	39.0	Service_und_Kundenbetreuung#Am-Platz-Service_und_1._Klasse-Service
Beine	157365	42.26562982990391	39.0	Service_und_Kundenbetreuung#Am-Platz-Service_und_1._Klasse-Service
s	85	40.4652046105463	39.0	Service_und_Kundenbetreuung#Am-Platz-Service_und_1._Klasse-Service
Preise	184144	40.07333185232471	39.0	Service_und_Kundenbetreuung#Am-Platz-Service_und_1._Klasse-Service
Sparpreis-Finder	74281	39.590280315088364	39.0	Service_und_Kundenbetreuung#Am-Platz-Service_und_1._Klasse-Service
unkomfortabel	90774	39.44482464111809	39.0	Service_und_Kundenbetreuung#Am-Platz-Service_und_1._Klasse-Service
`	66	38.18724780750391	39.0	Service_und_Kundenbetreuung#Am-Platz-Service_und_1._Klasse-Service
Schrittzähler	38288	38.06835802858076	39.0	Service_und_Kundenbetreuung#Am-Platz-Service_und_1._Klasse-Service
Kimberley	91503	38.01800564210269	39.0	Service_und_Kundenbetreuung#Am-Platz-Service_und_1._Klasse-Service
Mitfahrgelegenheit	80345	37.94667911585309	39.0	Service_und_Kundenbetreuung#Am-Platz-Service_und_1._Klasse-Service
Auto	31918	35.8351893845611	39.0	Service_und_Kundenbetreuung#Am-Platz-Service_und_1._Klasse-Service
verreisen	50245	34.13272611778297	39.0	Service_und_Kundenbetreuung#Am-Platz-Service_und_1._Klasse-Service
IC	881	32.7062307213942	39.0	Service_und_Kundenbetreuung#Am-Platz-Service_und_1._Klasse-Service
euch	48315	32.58096538021482	39.0	Service_und_Kundenbetreuung#Am-Platz-Service_und_1._Klasse-Service
Wagon	183145	32.229509954231965	39.0	Service_und_Kundenbetreuung#Am-Platz-Service_und_1._Klasse-Service
Mandy	88762	30.952209190757262	39.0	Service_und_Kundenbetreuung#Am-Platz-Service_und_1._Klasse-Service
Sie	7986	88.722839111673	40.0	Image#Marketing
#	3	48.74490361983978	40.0	Image#Marketing
Postbote	188608	41.805035541134544	40.0	Image#Marketing
Fließband	179252	40.7175870289874	40.0	Image#Marketing
Berufe	84753	40.4652046105463	40.0	Image#Marketing
Küchenhilfe	135515	39.16865941556745	40.0	Image#Marketing
Job	6618	38.106958541375334	40.0	Image#Marketing
Langeweile	52920	36.58022671599241	40.0	Image#Marketing
�	4883	36.174308616392324	40.0	Image#Marketing
oder	52093	35.15559323737951	40.0	Image#Marketing
?	32	35.15559323737951	40.0	Image#Marketing
gutefrage.net-Tag	129558	34.43986648079687	40.0	Image#Marketing
Tätigkeit	79970	33.90930960521014	40.0	Image#Marketing
Callcenter	184432	32.66486507436857	40.0	Image#Marketing
immer	185240	32.18875824868201	40.0	Image#Marketing
langweilig	31256	30.96960808726313	40.0	Image#Marketing
Beruf	157488	30.58613496726915	40.0	Image#Marketing
«	104	28.210884196929293	40.0	Image#Marketing
Ihren	53563	27.725887222397812	40.0	Image#Marketing
haben	172230	27.725887222397812	40.0	Image#Marketing
–	2278	17.91759469228055	41.0	Gastronomisches_Angebot#Vielfalt_und_Auswahl
Kind	36919	17.91759469228055	41.0	Gastronomisches_Angebot#Vielfalt_und_Auswahl
Verspätungen	103126	15.879914474173477	41.0	Gastronomisches_Angebot#Vielfalt_und_Auswahl
Platz	119428	13.986030245865921	41.0	Gastronomisches_Angebot#Vielfalt_und_Auswahl
Zug	8660	13.604789526648622	41.0	Gastronomisches_Angebot#Vielfalt_und_Auswahl
Klasse	29091	12.076055072205449	41.0	Gastronomisches_Angebot#Vielfalt_und_Auswahl
Verkehrsmittel	79915	11.440623553214824	41.0	Gastronomisches_Angebot#Vielfalt_und_Auswahl
oder	52093	10.986122886681098	41.0	Gastronomisches_Angebot#Vielfalt_und_Auswahl
Auto	31918	10.75055681536833	41.0	Gastronomisches_Angebot#Vielfalt_und_Auswahl
Naschereien	131796	9.916255691813806	41.0	Gastronomisches_Angebot#Vielfalt_und_Auswahl
Baby	32057	9.883284845218608	41.0	Gastronomisches_Angebot#Vielfalt_und_Auswahl
dreiwöchige	161503	9.727644961839882	41.0	Gastronomisches_Angebot#Vielfalt_und_Auswahl
im	1810	9.704060527839234	41.0	Gastronomisches_Angebot#Vielfalt_und_Auswahl
Transportes	68728	9.681842877345654	41.0	Gastronomisches_Angebot#Vielfalt_und_Auswahl
mich	51384	9.656627474604601	41.0	Gastronomisches_Angebot#Vielfalt_und_Auswahl
Hochwassers	50247	9.623839785112668	41.0	Gastronomisches_Angebot#Vielfalt_und_Auswahl
Spartickets	123736	9.397898195565384	41.0	Gastronomisches_Angebot#Vielfalt_und_Auswahl
stressiger	166438	9.271435471335993	41.0	Gastronomisches_Angebot#Vielfalt_und_Auswahl
unfreundliches	99663	9.168058979719577	41.0	Gastronomisches_Angebot#Vielfalt_und_Auswahl
Fernverkehrszug	180057	9.141526055975824	41.0	Gastronomisches_Angebot#Vielfalt_und_Auswahl
gutefrage.net-Tag	129558	24.599904629140624	42.0	Gastronomisches_Angebot#Preise
Kaffe	70581	16.778719639812707	42.0	Gastronomisches_Angebot#Preise
Getränke	174713	11.777755916665761	42.0	Gastronomisches_Angebot#Preise
#	3	10.83220080440884	42.0	Gastronomisches_Angebot#Preise
Linsensuppe	129631	9.792164853891862	42.0	Gastronomisches_Angebot#Preise
6,90	27427	9.098961783992793	42.0	Gastronomisches_Angebot#Preise
bier	46837	8.98117874833641	42.0	Gastronomisches_Angebot#Preise
raulde	24638	8.98117874833641	42.0	Gastronomisches_Angebot#Preise
ICE	6275	8.63497622707262	42.0	Gastronomisches_Angebot#Preise
B.Z	4774	8.62371303479391	42.0	Gastronomisches_Angebot#Preise
Bordrestaurant	151479	8.568266461600238	42.0	Gastronomisches_Angebot#Preise
Preise	184144	8.014666370464942	42.0	Gastronomisches_Angebot#Preise
wochenende	11613	7.895063498091573	42.0	Gastronomisches_Angebot#Preise
pessimistisch	74184	7.850882664809852	42.0	Gastronomisches_Angebot#Preise
@	33	7.783640596221253	42.0	Gastronomisches_Angebot#Preise
Bistro	122220	7.613324979540639	42.0	Gastronomisches_Angebot#Preise
Deutsche-Bahn	187605	7.060476365999801	42.0	Gastronomisches_Angebot#Preise
Zug	8660	6.802394763324311	42.0	Gastronomisches_Angebot#Preise
zahle	170707	6.706862336602747	42.0	Gastronomisches_Angebot#Preise
sportliche	45537	6.590301048196686	42.0	Gastronomisches_Angebot#Preise
Bistro	122220	30.453299918162557	43.0	Gastronomisches_Angebot#Verfügbarkeit_Bordbistro_und_-restaurant
Hinfahrt	63582	29.80728894611172	43.0	Gastronomisches_Angebot#Verfügbarkeit_Bordbistro_und_-restaurant
gab	9259	25.424430642783566	43.0	Gastronomisches_Angebot#Verfügbarkeit_Bordbistro_und_-restaurant
Rückfahrt	187849	24.58531703067559	43.0	Gastronomisches_Angebot#Verfügbarkeit_Bordbistro_und_-restaurant
SH	1315	23.144032421402784	43.0	Gastronomisches_Angebot#Verfügbarkeit_Bordbistro_und_-restaurant
Hamburg	95860	21.825516958358314	43.0	Gastronomisches_Angebot#Verfügbarkeit_Bordbistro_und_-restaurant
Restaurant	45281	20.81602674830718	43.0	Gastronomisches_Angebot#Verfügbarkeit_Bordbistro_und_-restaurant
Flug	34499	20.495855917613035	43.0	Gastronomisches_Angebot#Verfügbarkeit_Bordbistro_und_-restaurant
verschlossen	151217	19.892050156927116	43.0	Gastronomisches_Angebot#Verfügbarkeit_Bordbistro_und_-restaurant
Verspätung	61896	18.615841400630092	43.0	Gastronomisches_Angebot#Verfügbarkeit_Bordbistro_und_-restaurant
ich	9421	17.577796618689757	43.0	Gastronomisches_Angebot#Verfügbarkeit_Bordbistro_und_-restaurant
Kiel	36900	17.295573308354534	43.0	Gastronomisches_Angebot#Verfügbarkeit_Bordbistro_und_-restaurant
Bahn-App	170885	16.524601883574896	43.0	Gastronomisches_Angebot#Verfügbarkeit_Bordbistro_und_-restaurant
abgetreten	166013	16.474958577227266	43.0	Gastronomisches_Angebot#Verfügbarkeit_Bordbistro_und_-restaurant
Speisewagen	37233	16.306123893602102	43.0	Gastronomisches_Angebot#Verfügbarkeit_Bordbistro_und_-restaurant
Frankfurt	8220	15.567281192442506	43.0	Gastronomisches_Angebot#Verfügbarkeit_Bordbistro_und_-restaurant
echt	48042	14.755517816455745	43.0	Gastronomisches_Angebot#Verfügbarkeit_Bordbistro_und_-restaurant
Birnen	121186	14.74925803043789	43.0	Gastronomisches_Angebot#Verfügbarkeit_Bordbistro_und_-restaurant
Stunden	58099	13.735948817940585	43.0	Gastronomisches_Angebot#Verfügbarkeit_Bordbistro_und_-restaurant
Zug	8660	13.604789526648622	43.0	Gastronomisches_Angebot#Verfügbarkeit_Bordbistro_und_-restaurant
verschlossen	151217	19.892050156927116	44.0	Zugfahrt#Wagenreihung
Fahrradstellplätze	125856	19.795140157544182	44.0	Zugfahrt#Wagenreihung
verspricht	37178	19.766569690437215	44.0	Zugfahrt#Wagenreihung
Bahnsteigs	22827	19.304789056629925	44.0	Zugfahrt#Wagenreihung
travelink4you.de	11463	19.192157699800628	44.0	Zugfahrt#Wagenreihung
Schrittzähler	38288	19.03417901429038	44.0	Zugfahrt#Wagenreihung
Wagenreihung	46357	17.725250338817844	44.0	Zugfahrt#Wagenreihung
Ellwangen	46626	17.536837453714806	44.0	Zugfahrt#Wagenreihung
Ffm	6015	17.24742606958782	44.0	Zugfahrt#Wagenreihung
Zugbegleiterin	182417	17.196440060117222	44.0	Zugfahrt#Wagenreihung
Bahn-App	170885	16.524601883574896	44.0	Zugfahrt#Wagenreihung
umgekehrter	131888	16.503327847211178	44.0	Zugfahrt#Wagenreihung
Klasse	29091	16.1014067629406	44.0	Zugfahrt#Wagenreihung
gereiht	93377	16.022710218322572	44.0	Zugfahrt#Wagenreihung
umgekehrte	98046	15.962099519331915	44.0	Zugfahrt#Wagenreihung
Cuxhaven	159789	15.876891102329576	44.0	Zugfahrt#Wagenreihung
umgekehrten	131889	15.379657337472969	44.0	Zugfahrt#Wagenreihung
Waggon	186319	15.102373734592298	44.0	Zugfahrt#Wagenreihung
Verhältnismäßigkeit	94939	14.942726176374194	44.0	Zugfahrt#Wagenreihung
Geschäftsleute	127127	14.935884664571704	44.0	Zugfahrt#Wagenreihung
Neuss	99229	41.89160806293833	45.0	Toiletten#Haupt
AKN	4743	36.395847135971174	45.0	Toiletten#Haupt
gutefrage.net-Tag	129558	24.599904629140624	45.0	Toiletten#Haupt
Steuerzahler	111820	23.707704103881643	45.0	Toiletten#Haupt
Ärger	188324	21.556286919266004	45.0	Toiletten#Haupt
Wagen	183139	20.613166377991117	45.0	Toiletten#Haupt
04.08.2015	99397	19.83251138362761	45.0	Toiletten#Haupt
IC-Wagen	57042	19.455289923679764	45.0	Toiletten#Haupt
|	94	18.215507566402163	45.0	Toiletten#Haupt
Bundespolizist	23386	17.977391393571416	45.0	Toiletten#Haupt
–	2278	17.91759469228055	45.0	Toiletten#Haupt
Kind	36919	17.91759469228055	45.0	Toiletten#Haupt
regelmässige	104420	17.875487873884886	45.0	Toiletten#Haupt
Zugtoilette	130476	17.686075449924733	45.0	Toiletten#Haupt
Stichflamme	67139	17.536837453714806	45.0	Toiletten#Haupt
S-Bahnen	124777	16.561422151325694	45.0	Toiletten#Haupt
Schwarzbuch	133830	16.293418104406637	45.0	Toiletten#Haupt
Janssen	76390	16.223856126621477	45.0	Toiletten#Haupt
Verspätungen	103126	15.879914474173477	45.0	Toiletten#Haupt
Verletzt	37368	15.745672350051448	45.0	Toiletten#Haupt
Snickers	145545	9.251770181739323	46.0	Komfort_und_Ausstattung#Sauberkeit_Sitzplatz
verdreckt	10850	8.774467601446593	46.0	Komfort_und_Ausstattung#Sauberkeit_Sitzplatz
dreckigen	164275	7.741967899820685	46.0	Komfort_und_Ausstattung#Sauberkeit_Sitzplatz
Intercity	86049	7.714677473800927	46.0	Komfort_und_Ausstattung#Sauberkeit_Sitzplatz
zeigst	177771	7.642044402873258	46.0	Komfort_und_Ausstattung#Sauberkeit_Sitzplatz
272	3456	7.630461261783627	46.0	Komfort_und_Ausstattung#Sauberkeit_Sitzplatz
Speck	148854	7.487733761436444	46.0	Komfort_und_Ausstattung#Sauberkeit_Sitzplatz
Kontrolleure	69281	7.286191714702382	46.0	Komfort_und_Ausstattung#Sauberkeit_Sitzplatz
Baureihe	85800	7.1808311990445555	46.0	Komfort_und_Ausstattung#Sauberkeit_Sitzplatz
Riegel	170749	6.981934677156389	46.0	Komfort_und_Ausstattung#Sauberkeit_Sitzplatz
Gehört	174354	6.669498089857879	46.0	Komfort_und_Ausstattung#Sauberkeit_Sitzplatz
"	2	6.591673732008658	46.0	Komfort_und_Ausstattung#Sauberkeit_Sitzplatz
Sitzen	124198	6.508769136971682	46.0	Komfort_und_Ausstattung#Sauberkeit_Sitzplatz
Reinigung	165542	6.486160788944089	46.0	Komfort_und_Ausstattung#Sauberkeit_Sitzplatz
Mars	38039	6.47543271670409	46.0	Komfort_und_Ausstattung#Sauberkeit_Sitzplatz
1975	25653	6.2324480165505225	46.0	Komfort_und_Ausstattung#Sauberkeit_Sitzplatz
Dann	33241	6.089044875446846	46.0	Komfort_und_Ausstattung#Sauberkeit_Sitzplatz
verwundert	15449	5.996452088619021	46.0	Komfort_und_Ausstattung#Sauberkeit_Sitzplatz
Abendessen	13601	5.991464547107982	46.0	Komfort_und_Ausstattung#Sauberkeit_Sitzplatz
@	33	5.8377304471659395	46.0	Komfort_und_Ausstattung#Sauberkeit_Sitzplatz
Klasse	29091	64.4056270517624	47.0	Atmosphäre#Fahrgefühl
Zugfahren	48659	32.83832193390231	47.0	Atmosphäre#Fahrgefühl
IC	881	32.7062307213942	47.0	Atmosphäre#Fahrgefühl
bequem	188726	28.2028821947545	47.0	Atmosphäre#Fahrgefühl
Sitze	146869	25.173677115385924	47.0	Atmosphäre#Fahrgefühl
BR	581	24.58531703067559	47.0	Atmosphäre#Fahrgefühl
unkomfortabel	90774	19.722412320559044	47.0	Atmosphäre#Fahrgefühl
IC2	6269	19.486754968214786	47.0	Atmosphäre#Fahrgefühl
un-mod	153387	19.164911000805585	47.0	Atmosphäre#Fahrgefühl
weil	55412	18.420680743952367	47.0	Atmosphäre#Fahrgefühl
–	2278	17.91759469228055	47.0	Atmosphäre#Fahrgefühl
Kind	36919	17.91759469228055	47.0	Atmosphäre#Fahrgefühl
Bwmz	32584	17.725250338817844	47.0	Atmosphäre#Fahrgefühl
des	9044	17.577796618689757	47.0	Atmosphäre#Fahrgefühl
Durchzug	53025	17.321547839787524	47.0	Atmosphäre#Fahrgefühl
Bimz	32263	17.196440060117222	47.0	Atmosphäre#Fahrgefühl
Verspätungen	103126	15.879914474173477	47.0	Atmosphäre#Fahrgefühl
2	19	15.567281192442506	47.0	Atmosphäre#Fahrgefühl
schalte	63749	15.0502014922516	47.0	Atmosphäre#Fahrgefühl
gutefrage.net-Tag	129558	14.759942777484376	47.0	Atmosphäre#Fahrgefühl
Oranienburg	186014	93.40368715465503	48.0	Gepäck#Haupt
"	2	52.733389856069266	48.0	Gepäck#Haupt
Alstom	21607	44.446541599214235	48.0	Gepäck#Haupt
Tisch	157056	37.382630675695246	48.0	Gepäck#Haupt
Ausfall	123794	36.21288859514854	48.0	Gepäck#Haupt
Birkenwerder	103948	34.19554255259491	48.0	Gepäck#Haupt
Züge	45627	32.2028135258812	48.0	Gepäck#Haupt
RB	1266	30.342127941220554	48.0	Gepäck#Haupt
cm	1667	25.55993894178272	48.0	Gepäck#Haupt
Kinderwagen	116609	25.513704734606346	48.0	Gepäck#Haupt
Rostock	136214	24.301384124354737	48.0	Gepäck#Haupt
kg	1847	23.686313678575264	48.0	Gepäck#Haupt
DB	651	22.66570675244973	48.0	Gepäck#Haupt
Uhr	8283	22.18070977791825	48.0	Gepäck#Haupt
Berlin	84840	21.66440160881768	48.0	Gepäck#Haupt
RE	1269	21.311504675158325	48.0	Gepäck#Haupt
Flug	34499	20.495855917613035	48.0	Gepäck#Haupt
Fahrgäste	46199	19.823308230405043	48.0	Gepäck#Haupt
Fahrrad	87817	19.6799237033125	48.0	Gepäck#Haupt
gutefrage.net-Tag	129558	19.6799237033125	48.0	Gepäck#Haupt
Steckdose	20520	29.737029528532542	49.0	Komfort_und_Ausstattung#Steckdosen
Waggons	123949	29.047708370811005	49.0	Komfort_und_Ausstattung#Steckdosen
kunden	57455	23.975791559557432	49.0	Komfort_und_Ausstattung#Steckdosen
ihr	9432	19.775021196025975	49.0	Komfort_und_Ausstattung#Steckdosen
gründe	100753	15.769905891519628	49.0	Komfort_und_Ausstattung#Steckdosen
Steckdosen	186730	14.92328078441715	49.0	Komfort_und_Ausstattung#Steckdosen
elektrisch	74651	14.742978590428555	49.0	Komfort_und_Ausstattung#Steckdosen
BAHN	31428	12.335032981776683	49.0	Komfort_und_Ausstattung#Steckdosen
schonmal	182883	11.567650364659475	49.0	Komfort_und_Ausstattung#Steckdosen
absolut	2945	10.579081573848484	49.0	Komfort_und_Ausstattung#Steckdosen
Alte	31676	10.566407457475977	49.0	Komfort_und_Ausstattung#Steckdosen
euch	48315	9.774289614064447	49.0	Komfort_und_Ausstattung#Steckdosen
service	63624	9.750394646402302	49.0	Komfort_und_Ausstattung#Steckdosen
entzücken	71664	9.555772349968867	49.0	Komfort_und_Ausstattung#Steckdosen
verbindungen	116651	9.479833015227753	49.0	Komfort_und_Ausstattung#Steckdosen
milliarden	47670	9.42060129745938	49.0	Komfort_und_Ausstattung#Steckdosen
funktionieren	57236	9.382695764458287	49.0	Komfort_und_Ausstattung#Steckdosen
devise	89284	9.291367210618557	49.0	Komfort_und_Ausstattung#Steckdosen
unfreundliches	99663	9.168058979719577	49.0	Komfort_und_Ausstattung#Steckdosen
passen	130896	9.149421957006766	49.0	Komfort_und_Ausstattung#Steckdosen
SH	1315	23.144032421402784	50.0	Gastronomisches_Angebot#Verfügbarkeit_angebotener_Produkte
IC-Wagen	57042	19.455289923679764	50.0	Gastronomisches_Angebot#Verfügbarkeit_angebotener_Produkte
Verspätung	61896	18.615841400630092	50.0	Gastronomisches_Angebot#Verfügbarkeit_angebotener_Produkte
Kiel	36900	17.295573308354534	50.0	Gastronomisches_Angebot#Verfügbarkeit_angebotener_Produkte
abgetreten	166013	16.474958577227266	50.0	Gastronomisches_Angebot#Verfügbarkeit_angebotener_Produkte
Essen	10878	15.648092021712584	50.0	Gastronomisches_Angebot#Verfügbarkeit_angebotener_Produkte
Frankfurt	8220	15.567281192442506	50.0	Gastronomisches_Angebot#Verfügbarkeit_angebotener_Produkte
Hinfahrt	63582	14.90364447305586	50.0	Gastronomisches_Angebot#Verfügbarkeit_angebotener_Produkte
Fehlanzeige	39965	13.08494392101361	50.0	Gastronomisches_Angebot#Verfügbarkeit_angebotener_Produkte
heutigen	109252	12.429404179174597	50.0	Gastronomisches_Angebot#Verfügbarkeit_angebotener_Produkte
Rückfahrt	187849	12.292658515337795	50.0	Gastronomisches_Angebot#Verfügbarkeit_angebotener_Produkte
Dänemark	74347	11.473144594958384	50.0	Gastronomisches_Angebot#Verfügbarkeit_angebotener_Produkte
leistet	97447	11.255242227381274	50.0	Gastronomisches_Angebot#Verfügbarkeit_angebotener_Produkte
Schleswig-Holstein	33728	11.2408017314343	50.0	Gastronomisches_Angebot#Verfügbarkeit_angebotener_Produkte
Fahrzeug	148827	11.1744973168005	50.0	Gastronomisches_Angebot#Verfügbarkeit_angebotener_Produkte
Bahn	32073	10.986122886681098	50.0	Gastronomisches_Angebot#Verfügbarkeit_angebotener_Produkte
Hamburg	95860	10.912758479179157	50.0	Gastronomisches_Angebot#Verfügbarkeit_angebotener_Produkte
Zusammenfassung	166515	10.796325403035505	50.0	Gastronomisches_Angebot#Verfügbarkeit_angebotener_Produkte
Wagen	183139	10.306583188995559	50.0	Gastronomisches_Angebot#Verfügbarkeit_angebotener_Produkte
eigentlich	147868	10.259797429846147	50.0	Gastronomisches_Angebot#Verfügbarkeit_angebotener_Produkte
Online-Portal	175094	30.08527192079696	51.0	Connectivity#ICE_Portal
FOCUS	188289	24.7117764562024	51.0	Connectivity#ICE_Portal
ow.ly	73524	24.2434973331763	51.0	Connectivity#ICE_Portal
IC	881	21.8041538142628	51.0	Connectivity#ICE_Portal
Article	113669	21.646584207420158	51.0	Connectivity#ICE_Portal
Zügen	87113	19.98884909505646	51.0	Connectivity#ICE_Portal
Reisestrecke	130338	19.618024048626484	51.0	Connectivity#ICE_Portal
WLAN-Netz	67140	18.265838450015195	51.0	Connectivity#ICE_Portal
empfangbar	33018	18.197923567985587	51.0	Connectivity#ICE_Portal
Internet-Portal	19260	17.99231312406689	51.0	Connectivity#ICE_Portal
Fasziniert	70282	17.597814984176452	51.0	Connectivity#ICE_Portal
Zerstreuung	125316	17.11705410981843	51.0	Connectivity#ICE_Portal
Unterhaltungsprogramm	37704	17.013073222455418	51.0	Connectivity#ICE_Portal
langsames	84201	16.682343494341524	51.0	Connectivity#ICE_Portal
Reisezeiten	56268	16.65931613513879	51.0	Connectivity#ICE_Portal
Onlineportal	45004	16.439729483825303	51.0	Connectivity#ICE_Portal
#	3	16.24830120661326	51.0	Connectivity#ICE_Portal
deutschebahn	117523	16.017396365977056	51.0	Connectivity#ICE_Portal
Zugfahrten	169113	15.956621939735443	51.0	Connectivity#ICE_Portal
www.deutschebahn.com	45359	15.935253478667633	51.0	Connectivity#ICE_Portal
H	41	26.86402088686924	52.0	Zugfahrt#Sonstige_Unregelmaessigkeiten
Chempark	12464	17.725250338817844	52.0	Zugfahrt#Sonstige_Unregelmaessigkeiten
Stammheim	127050	16.199108564752727	52.0	Zugfahrt#Sonstige_Unregelmaessigkeiten
Wannsee	13731	15.371406122469095	52.0	Zugfahrt#Sonstige_Unregelmaessigkeiten
fährt	13659	15.226649959081278	52.0	Zugfahrt#Sonstige_Unregelmaessigkeiten
Bahnstrecke	45601	12.767013269768011	52.0	Zugfahrt#Sonstige_Unregelmaessigkeiten
S-Bahn	58072	12.425212191503038	52.0	Zugfahrt#Sonstige_Unregelmaessigkeiten
entfällt	142157	12.042046698699053	52.0	Zugfahrt#Sonstige_Unregelmaessigkeiten
*	10	11.982929094215963	52.0	Zugfahrt#Sonstige_Unregelmaessigkeiten
Folgende	110566	11.2408017314343	52.0	Zugfahrt#Sonstige_Unregelmaessigkeiten
Türen	22525	10.596634733096073	52.0	Zugfahrt#Sonstige_Unregelmaessigkeiten
gesperrt	13174	10.271596874100524	52.0	Zugfahrt#Sonstige_Unregelmaessigkeiten
Fahrgäste	46199	9.911654115202522	52.0	Zugfahrt#Sonstige_Unregelmaessigkeiten
s6	2010	9.667005436782738	52.0	Zugfahrt#Sonstige_Unregelmaessigkeiten
zwischen	12119	9.210340371976184	52.0	Zugfahrt#Sonstige_Unregelmaessigkeiten
Schlachtensee	73209	9.132919225007598	52.0	Zugfahrt#Sonstige_Unregelmaessigkeiten
14h	3268	9.058237593766226	52.0	Zugfahrt#Sonstige_Unregelmaessigkeiten
nürnberg	42170	9.058237593766226	52.0	Zugfahrt#Sonstige_Unregelmaessigkeiten
MEGA	37352	8.756525002926972	52.0	Zugfahrt#Sonstige_Unregelmaessigkeiten
Wochentage	164488	8.716044050161402	52.0	Zugfahrt#Sonstige_Unregelmaessigkeiten
#	3	13.54025100551105	53.0	Zugfahrt#Technische_Schaeden_und_Stoerungen_am_Zug
Oberleitungsstörung	117518	8.153061946801051	53.0	Zugfahrt#Technische_Schaeden_und_Stoerungen_am_Zug
Fernzüge	56764	7.102499355774649	53.0	Zugfahrt#Technische_Schaeden_und_Stoerungen_am_Zug
Gelsenkirchen	105477	6.62273632394984	53.0	Zugfahrt#Technische_Schaeden_und_Stoerungen_am_Zug
Duisburg	139876	5.720311776607412	53.0	Zugfahrt#Technische_Schaeden_und_Stoerungen_am_Zug
Bochum	174823	5.556828061699537	53.0	Zugfahrt#Technische_Schaeden_und_Stoerungen_am_Zug
Dortmund	146265	4.990432586778736	53.0	Zugfahrt#Technische_Schaeden_und_Stoerungen_am_Zug
Chaos	167971	4.955827057601261	53.0	Zugfahrt#Technische_Schaeden_und_Stoerungen_am_Zug
Strecke	18323	4.174387269895637	53.0	Zugfahrt#Technische_Schaeden_und_Stoerungen_am_Zug
Essen	10878	3.912023005428146	53.0	Zugfahrt#Technische_Schaeden_und_Stoerungen_am_Zug
bahn	46710	3.8066624897703196	53.0	Zugfahrt#Technische_Schaeden_und_Stoerungen_am_Zug
bisschen	82753	3.7376696182833684	53.0	Zugfahrt#Technische_Schaeden_und_Stoerungen_am_Zug
Dank	33240	3.5553480614894135	53.0	Zugfahrt#Technische_Schaeden_und_Stoerungen_am_Zug
fahren	117151	3.1780538303479458	53.0	Zugfahrt#Technische_Schaeden_und_Stoerungen_am_Zug
-	13	2.0794415416798357	53.0	Zugfahrt#Technische_Schaeden_und_Stoerungen_am_Zug
über	94888	1.3862943611198906	53.0	Zugfahrt#Technische_Schaeden_und_Stoerungen_am_Zug
auf	8840	0.6931471805599453	53.0	Zugfahrt#Technische_Schaeden_und_Stoerungen_am_Zug
Würzburg	117222	29.388678908898193	54.0	Komfort_und_Ausstattung#Funktionsfähigkeit_Sitz_und_Sitzverstellbarkeit
Großeinsatz	57365	23.752609061830892	54.0	Komfort_und_Ausstattung#Funktionsfähigkeit_Sitz_und_Sitzverstellbarkeit
Regionalbahn	182021	20.976289282247663	54.0	Komfort_und_Ausstattung#Funktionsfähigkeit_Sitz_und_Sitzverstellbarkeit
mussten	56174	17.863632474618335	54.0	Komfort_und_Ausstattung#Funktionsfähigkeit_Sitz_und_Sitzverstellbarkeit
Landespolizei	118727	17.289413023430395	54.0	Komfort_und_Ausstattung#Funktionsfähigkeit_Sitz_und_Sitzverstellbarkeit
Polizeiinspektion	17982	16.994797128176117	54.0	Komfort_und_Ausstattung#Funktionsfähigkeit_Sitz_und_Sitzverstellbarkeit
heraus	58648	15.400590406840234	54.0	Komfort_und_Ausstattung#Funktionsfähigkeit_Sitz_und_Sitzverstellbarkeit
waren	141055	15.389696144769221	54.0	Komfort_und_Ausstattung#Funktionsfähigkeit_Sitz_und_Sitzverstellbarkeit
Würzburger	50268	15.160378835889082	54.0	Komfort_und_Ausstattung#Funktionsfähigkeit_Sitz_und_Sitzverstellbarkeit
Einsatzkräfte	85134	14.537840256387444	54.0	Komfort_und_Ausstattung#Funktionsfähigkeit_Sitz_und_Sitzverstellbarkeit
strafrechtliche	59283	14.456776903147208	54.0	Komfort_und_Ausstattung#Funktionsfähigkeit_Sitz_und_Sitzverstellbarkeit
Fußballfans	114888	13.933934277227966	54.0	Komfort_und_Ausstattung#Funktionsfähigkeit_Sitz_und_Sitzverstellbarkeit
eingeleitet	58725	12.53060242547542	54.0	Komfort_und_Ausstattung#Funktionsfähigkeit_Sitz_und_Sitzverstellbarkeit
Bundespolizei	79034	11.710143844404854	54.0	Komfort_und_Ausstattung#Funktionsfähigkeit_Sitz_und_Sitzverstellbarkeit
Richtung	91446	10.990684938388938	54.0	Komfort_und_Ausstattung#Funktionsfähigkeit_Sitz_und_Sitzverstellbarkeit
Ermittlungen	78046	10.841069998544572	54.0	Komfort_und_Ausstattung#Funktionsfähigkeit_Sitz_und_Sitzverstellbarkeit
Bundes	64098	10.57653406138907	54.0	Komfort_und_Ausstattung#Funktionsfähigkeit_Sitz_und_Sitzverstellbarkeit
Sitz	41233	10.150347630467653	54.0	Komfort_und_Ausstattung#Funktionsfähigkeit_Sitz_und_Sitzverstellbarkeit
hatten	13150	9.996613530525611	54.0	Komfort_und_Ausstattung#Funktionsfähigkeit_Sitz_und_Sitzverstellbarkeit
Sitzpolster	169298	9.954703343920398	54.0	Komfort_und_Ausstattung#Funktionsfähigkeit_Sitz_und_Sitzverstellbarkeit
dreckiger	164274	8.798907492088226	55.0	Komfort_und_Ausstattung#Sauberkeit_allgemein
schmutziger	169567	8.780480107033297	55.0	Komfort_und_Ausstattung#Sauberkeit_allgemein
uralter	68901	8.687948111838727	55.0	Komfort_und_Ausstattung#Sauberkeit_allgemein
IR	904	8.07215530818825	55.0	Komfort_und_Ausstattung#Sauberkeit_allgemein
soo	10152	7.02197642307216	55.0	Komfort_und_Ausstattung#Sauberkeit_allgemein
Apropos	18649	6.738152494595957	55.0	Komfort_und_Ausstattung#Sauberkeit_allgemein
Gleis	28738	5.41610040220442	55.0	Komfort_und_Ausstattung#Sauberkeit_allgemein
Mich	38232	4.859812404361672	55.0	Komfort_und_Ausstattung#Sauberkeit_allgemein
gefreut	155495	4.820281565605037	55.0	Komfort_und_Ausstattung#Sauberkeit_allgemein
jene	50118	4.634728988229636	55.0	Komfort_und_Ausstattung#Sauberkeit_allgemein
total	117369	3.784189633918261	55.0	Komfort_und_Ausstattung#Sauberkeit_allgemein
spannend	129276	3.713572066704308	55.0	Komfort_und_Ausstattung#Sauberkeit_allgemein
Hamburg	95860	3.6375861597263857	55.0	Komfort_und_Ausstattung#Sauberkeit_allgemein
fand	48473	3.4339872044851463	55.0	Komfort_und_Ausstattung#Sauberkeit_allgemein
DB_Bahn	34277	3.258096538021482	55.0	Komfort_und_Ausstattung#Sauberkeit_allgemein
sehen	105015	2.70805020110221	55.0	Komfort_und_Ausstattung#Sauberkeit_allgemein
Berlin	84840	2.70805020110221	55.0	Komfort_und_Ausstattung#Sauberkeit_allgemein
neuen	59733	2.3978952727983707	55.0	Komfort_und_Ausstattung#Sauberkeit_allgemein
kommt	26398	2.1972245773362196	55.0	Komfort_und_Ausstattung#Sauberkeit_allgemein
Bahn	32073	2.1972245773362196	55.0	Komfort_und_Ausstattung#Sauberkeit_allgemein
Beleuchtung	143245	13.216001250592173	56.0	Atmosphäre#Beleuchtung
S-Bahn	58072	12.425212191503038	56.0	Atmosphäre#Beleuchtung
hvv	9415	8.909775673693389	56.0	Atmosphäre#Beleuchtung
missfällt	48084	8.457018468380168	56.0	Atmosphäre#Beleuchtung
Licht	81790	8.286269452783065	56.0	Atmosphäre#Beleuchtung
dezente	47883	8.262300941787448	56.0	Atmosphäre#Beleuchtung
jmd	9503	8.005700678662542	56.0	Atmosphäre#Beleuchtung
Heller	122559	7.6638772587034705	56.0	Atmosphäre#Beleuchtung
blendet	48749	7.592870287844818	56.0	Atmosphäre#Beleuchtung
Könnt	114394	7.026426808699636	56.0	Atmosphäre#Beleuchtung
indirekte	84326	6.930494765951626	56.0	Atmosphäre#Beleuchtung
DB_Bahn	34277	6.516193076042964	56.0	Atmosphäre#Beleuchtung
hallo	172315	6.255750041753367	56.0	Atmosphäre#Beleuchtung
Kette	71989	6.156978985585555	56.0	Atmosphäre#Beleuchtung
BILD	31553	5.945420608606575	56.0	Atmosphäre#Beleuchtung
ausgefallen	186458	5.908082938168931	56.0	Atmosphäre#Beleuchtung
hochwertige	111326	5.846438775057725	56.0	Atmosphäre#Beleuchtung
qualitativ	169445	5.762051382780177	56.0	Atmosphäre#Beleuchtung
moderner	30651	5.717027701406222	56.0	Atmosphäre#Beleuchtung
sicherer	91104	5.713732805509369	56.0	Atmosphäre#Beleuchtung
Doppelte	29562	7.270312886079025	57.0	unklare_Kategorie#Reservierung
Reservierung	96671	6.212606095751519	57.0	unklare_Kategorie#Reservierung
los	9659	3.6635616461296463	57.0	unklare_Kategorie#Reservierung
https	178455	3.332204510175204	57.0	unklare_Kategorie#Reservierung
/	16	3.295836866004329	57.0	unklare_Kategorie#Reservierung
DB_Bahn	34277	3.258096538021482	57.0	unklare_Kategorie#Reservierung
t.co	53327	2.8903717578961645	57.0	unklare_Kategorie#Reservierung
?	32	2.1972245773362196	57.0	unklare_Kategorie#Reservierung
Was	8495	2.0794415416798357	57.0	unklare_Kategorie#Reservierung
@	33	1.9459101490553132	57.0	unklare_Kategorie#Reservierung
da	1678	1.791759469228055	57.0	unklare_Kategorie#Reservierung
wieder	14001	1.6094379124341003	57.0	unklare_Kategorie#Reservierung
holgi	176807	9.232590980911002	58.0	QR-Code#Haupt
Hui	6452	7.872836175025724	58.0	QR-Code#Haupt
RT	1290	3.8501476017100584	58.0	QR-Code#Haupt
neuen	59733	2.3978952727983707	58.0	QR-Code#Haupt
@	33	1.9459101490553132	58.0	QR-Code#Haupt
mal	9680	1.791759469228055	58.0	QR-Code#Haupt
sind	53783	1.0986122886681098	58.0	QR-Code#Haupt
Bahn	32073	1.0986122886681098	58.0	QR-Code#Haupt
nutze	64478	11.233542195333143	59.0	unklare_Kategorie#Streckennetz
Antwortmöglichkeiten	75066	9.582455500402792	59.0	unklare_Kategorie#Streckennetz
wiederum	38544	8.97727273946428	59.0	unklare_Kategorie#Streckennetz
zurückzublicken	51512	8.823942326585245	59.0	unklare_Kategorie#Streckennetz
fande	152809	8.357024439263416	59.0	unklare_Kategorie#Streckennetz
Arbeitsweg	176437	8.084254106307318	59.0	unklare_Kategorie#Streckennetz
Konkrete	119610	7.2875606403097235	59.0	unklare_Kategorie#Streckennetz
fehlten	9934	6.8501261661455	59.0	unklare_Kategorie#Streckennetz
mitgemacht	107090	6.335054251498059	59.0	unklare_Kategorie#Streckennetz
vergangene	106421	6.163314804034641	59.0	unklare_Kategorie#Streckennetz
alternativen	81263	5.961005339623274	59.0	unklare_Kategorie#Streckennetz
ideale	165981	5.5134287461649825	59.0	unklare_Kategorie#Streckennetz
Strecken	119938	5.225746673713202	59.0	unklare_Kategorie#Streckennetz
Wobei	187320	5.135798437050262	59.0	unklare_Kategorie#Streckennetz
frisch	106727	4.976733742420574	59.0	unklare_Kategorie#Streckennetz
Jahr	36213	4.969813299576001	59.0	unklare_Kategorie#Streckennetz
Hab	6272	4.962844630259907	59.0	unklare_Kategorie#Streckennetz
beantworten	174428	4.6913478822291435	59.0	unklare_Kategorie#Streckennetz
schwierig	83205	4.624972813284271	59.0	unklare_Kategorie#Streckennetz
Gelegenheit	75845	4.564348191467836	59.0	unklare_Kategorie#Streckennetz
ubd	10294	9.759386208561871	60.0	Image#Sponsoring
Aktion	12806	8.37930948405285	60.0	Image#Sponsoring
Caritas	60591	7.108244139731541	60.0	Image#Sponsoring
Bremer	23543	6.297109319933935	60.0	Image#Sponsoring
Kuchen	119673	5.4680601411351315	60.0	Image#Sponsoring
sammeln	39293	4.844187086458591	60.0	Image#Sponsoring
Kaffee	104154	4.804021044733257	60.0	Image#Sponsoring
schöne	169843	3.713572066704308	60.0	Image#Sponsoring
Auch	31896	2.302585092994046	60.0	Image#Sponsoring
So	1373	2.1972245773362196	60.0	Image#Sponsoring
;	28	2.1972245773362196	60.0	Image#Sponsoring
muss	51576	1.9459101490553132	60.0	Image#Sponsoring
einer	145069	1.3862943611198906	60.0	Image#Sponsoring
das	9020	0.6931471805599453	60.0	Image#Sponsoring
mit	9724	0.6931471805599453	60.0	Image#Sponsoring
eine	48121	0.6931471805599453	60.0	Image#Sponsoring
)	9	0.6931471805599453	60.0	Image#Sponsoring
für	9541	0.6931471805599453	60.0	Image#Sponsoring
